A1100a,A1100b,A1100c,D1100a,D1100b,D1100c
0,0,0,0,0,0
0,0,0,0,0,0
0.13121414,-0.01175499,-0.32845116,1.26231,1.2212944,1.2703304
-0.80890083,-0.79473305,-0.82554626,-0.18287468,-0.20043182,-0.18211365
0,12.491853,12.35425,13.638323,13.777666,13.814783
11.165228,11.163511,11.136789,9.216843,9.199337,9.152201
14.859632,14.825306,14.802919,0,12.522091,0
0.4524994,0.34848404,0.37566566,0.38686943,0.3375759,0.36482048
0,0,0,16.843504,16.884861,16.875366
-1.1736736,-1.1741543,-1.1775379,-1.1315536,-1.1571999,-1.6187792
15.13049,14.776125,14.632654,16.58411,15.921492,16.114637
0,0,0,0,0,0
0.883935,0.7555971,0.7689619,2.4503508,2.4196672,2.392436
0,0,0,0,0,0
12.861087,12.672205,12.766944,14.157109,14.179053,14.237135
13.574475,13.963709,0,0,0,0
-0.9196291,-1.0296736,-0.99713135,-0.7942858,-0.8197365,-0.7940321
0,0,0,0,0,0
-0.6336193,-0.59866714,-0.6345463,-0.186409,-0.18039513,-0.19594955
0.31986046,0.30270767,0.2755003,0.42628765,0.41992188,0.50836563
0,0,0,0,0,0
0,13.260479,14.092426,15.056596,14.902611,14.994398
0,0,0,0,0,0
-1.0323725,-1.0073166,-0.9987154,-0.942461,-0.97330093,-0.9204731
2.596468,2.521204,2.5269794,2.9026127,2.879053,2.9168816
-0.67937183,-0.81303215,-0.78115463,0.04604435,0.03949642,-0.007520676
0,14.011926,13.430976,0,0,0
7.6874976,7.711326,7.736029,8.096855,8.07526,8.234713
0,0,0,0,0,0
15.027128,14.895481,14.980095,0,0,0
13.078318,0,0,14.010703,13.902092,13.9382925
15.447632,15.290956,15.283052,0,0,0
11.583553,12.174301,12.172739,13.143862,13.07029,12.929812
-14.886309,-14.886309,-14.886309,-14.886309,-14.886309,-14.886309
0,0,0,0,0,0
0,17.194027,17.163847,0,0,0
0.2650795,0.28796768,0.24131298,0.54473305,0.48448277,0.47676563
15.768727,15.753243,15.863025,14.883408,14.863508,14.973967
-0.48242855,-0.5770054,-0.5122185,-0.3256817,-0.4286995,-0.57543373
15.914339,15.781974,16.010397,15.651892,0,0
-0.06661129,-0.29649162,0.2759819,0.14045143,0.21564388,0.17658138
0,0,0,0,0,0
0.019791603,0.017650604,0.01698494,0.16819096,0.14943504,0.07030773
12.427836,12.448116,12.381814,12.738936,12.637077,12.74966
0,11.914011,11.924442,0,0,0
-14.922749,-0.8007288,-1.0126677,-14.922749,-14.922749,-14.922749
-0.100800514,-0.21133804,-0.18377304,0.013838768,-15.364693,-0.040441513
-14.154439,-14.154439,-14.154439,-14.154439,-14.154439,-14.154439
-14.314806,-14.314806,-0.8575525,-0.239995,-1.0026321,-0.25749207
0,0,0,0,0,0
0,0,0,13.905481,0,0
6.862179,6.897704,6.7170076,7.00797,7.0657673,7.031502
0.00534153,0.045640945,-0.02713108,-0.009173393,-0.027484894,-0.07209873
-0.8706989,-14.725178,-0.8203554,-0.33111763,-0.40353203,-0.28599644
-0.47111797,-0.4471588,-0.5343771,0.08037567,0.21355534,0.02873516
13.348866,13.348175,13.392855,15.10881,15.07343,15.028554
0,0,0,0,0,0
-0.7778044,-14.015163,-14.015163,-0.77855206,-0.8834667,-14.015163
0,0,0,0,0,0
7.088877,6.9834943,7.0686088,7.16919,7.1085706,7.164681
0,0,0,0,13.791671,0
0,0,0,0,11.874981,12.035142
-0.5086727,-0.58055305,-0.4831047,0.07719135,0.0413332,0.016888618
-0.82857037,-0.77214813,-1.0633421,-0.1479044,-0.28726292,-0.14118099
0,0,0,0,0,0
-1.1318874,-1.1322603,-1.0821152,-0.8735256,-1.0081921,-14.633102
14.23272,0,14.034025,0,0,0
-14.584534,-14.584534,-0.14912415,-0.17826271,-0.24600601,-0.2485857
-14.559121,-0.8166008,-0.8427305,-1.178524,-0.90269566,-0.6581602
0,0,0,13.481421,0,0
14.589358,14.7151575,14.642672,13.65955,13.703147,13.671762
-0.7501631,-0.75045776,-0.7761564,-0.9856415,-14.008877,-0.83863926
-14.209766,-14.209766,-14.209766,-2.2871819,-2.45864,-14.209766
-0.86371803,-1.0102005,-0.95164585,-0.5128584,-0.31809044,-0.4964285
11.684749,0,11.593391,0,0,0
14.143542,13.929721,13.804334,13.980675,13.872193,14.055113
0,0,0,0,0,0
-0.65511227,-0.57223034,-0.6612358,-14.092604,-0.069542885,-0.057890892
0,0,0,13.387479,13.422328,13.445273
5.4867344,-7.2283697,5.4387417,5.7388563,5.714695,5.662655
0.18953896,0.13401127,0.14734745,0.23218155,0.21711254,0.14785862
-7.316895,-7.316895,-7.316895,5.832376,5.982599,5.987456
-13.148553,-13.148553,-13.148553,-13.148553,-13.148553,-13.148553
-6.1898246,-6.1898246,-6.1898246,-6.1898246,-6.1898246,-6.1898246
5.932259,-6.6801496,-6.6801496,6.357054,6.260898,-6.6801496
0,0,0,0,0,0
0,0,0,0,0,0
-7.080763,5.37405,-7.080763,5.7980547,5.8842993,-7.080763
0,11.790756,12.397408,0,0,12.735132
-0.44337082,-0.32608128,-0.4388361,0.123529434,-0.05430031,-13.147058
0,0,0,0,0,0
-0.42732143,0.007826805,-0.1755743,-0.059365273,-0.08503723,-0.080804825
-7.017056,-7.017056,-7.017056,5.282725,5.845,5.832936
7.038515,-7.286439,6.368085,7.4990654,7.2072916,6.262744
0,0,0,12.163964,0,12.02756
0,0,0,0,0,0
-6.8375926,-6.8375926,-6.8375926,5.6494937,5.713635,5.4138904
-13.056465,-13.056465,-13.056465,-0.11047268,0.057765007,0.12422085
0,0,0,0,0,0
5.7273026,-7.1265917,-7.1265917,5.8537264,5.9668255,-7.1265917
0.76714325,0.6924858,0.5558338,0.6917553,0.81373405,0.79005814
0,0,0,0,0,0
-6.692527,-6.692527,-6.692527,6.0571327,6.1910706,5.8283367
0,0,0,0,0,0
0,0,0,0,0,0
-6.7524095,-6.7524095,-6.7524095,-6.7524095,-6.7524095,-6.7524095
0,0,0,11.974773,0,0
12.82456,12.991521,12.753426,11.763627,0,0
0,0,0,0,0,0
0,0,0,0,0,0
0,0,0,0,0,0
-13.6844635,-0.46468925,-13.6844635,-13.6844635,-13.6844635,-0.49989796
-6.949159,-6.949159,-6.949159,-6.949159,-6.949159,-6.949159
0,0,0,0,0,0
-7.2254443,-7.2254443,-7.2254443,5.8814454,5.9056087,5.6945367
0,0,0,0,0,0
0,0,0,0,0,0
-6.6132812,-6.6132812,-6.6132812,-6.6132812,-6.6132812,-6.6132812
0,0,0,12.653516,0,0
0,0,0,0,0,0
0,0,0,0,0,0
0,0,0,0,0,0
0,0,0,0,0,0
0,0,0,0,0,0
0,0,0,0,0,0
0,0,0,0,0,0
0,0,0,0,0,0
0,13.644646,13.43632,0,0,0
0,0,0,0,0,0
0,0,0,0,0,0
0,0,0,0,0,0
0,0,0,0,0,0
0,0,0,0,0,0
0,0,0,0,0,0
0,0,0,12.718319,0,12.158295
14.408927,14.380731,14.541944,0,0,0
-13.409853,-13.409853,-13.409853,-0.5089855,-13.409853,-13.409853
14.848475,14.792688,14.669051,12.129283,11.979068,0
0,0,0,0,0,0
16.844057,16.925009,16.93712,0,0,13.830317
0,0,0,0,0,0
14.999647,15.002814,15.062974,0,0,0
0,0,0,0,0,0
0,0,0,0,0,0
0,0,0,0,0,0
0,14.97033,14.995414,0,0,0
0,0,0,0,0,0
0,0,0,0,0,0
0,0,0,0,0,0
0,0,0,0,0,0
0,0,0,0,0,0
0,0,0,0,0,0
0,0,0,0,0,0
0,0,0,0,0,0
0,0,0,0,0,0
0,13.979515,14.092839,0,0,0
0,0,0,0,0,0
0,0,0,0,0,0
0,0,0,0,0,0
14.096797,0,0,0,0,0
0,0,0,0,0,0
13.854382,0,14.400012,0,0,0
4.4185715,4.3830338,4.3753357,-12.3305,-12.3305,-12.3305
0,0,0,0,0,0
0,0,12.98513,0,0,0
0,0,0,0,0,0
0,16.032864,16.295141,0,0,0
0,0,0,0,0,0
0,0,0,0,0,0
0,0,0,0,0,0
0,0,0,0,0,0
0,13.722487,0,0,0,0
0,0,0,0,0,0
0,0,0,0,0,0
0,0,0,0,0,0
0,0,0,0,0,0
0,0,0,0,0,0
0,0,0,0,0,0
0,0,0,0,0,0
0,0,0,0,0,0
0,0,0,0,0,0
0,0,0,0,0,0
0,0,0,0,0,0
14.197985,0,0,0,0,0
14.664225,14.7882595,14.745463,0,0,0
15.748638,15.623081,0,17.918158,17.789787,17.824951
13.770147,13.881209,13.726431,0,0,0
0,0,0,0,0,0
0,0,0,0,0,0
0,0,0,0,0,0
0,0,0,0,0,0
15.805316,15.566678,15.752511,0,14.317624,0
0,14.455456,14.380664,0,0,0
15.995701,15.986953,16.034779,0,0,0
0,0,0,0,0,0
0,0,0,0,0,0
0,0,0,0,0,0
0,0,0,0,0,0
14.196448,14.635322,14.476683,0,0,0
14.637644,0,0,0,0,0
0,0,0,0,0,0
0,0,0,0,0,0
0,0,0,0,0,0
0,0,0,0,0,0
0,0,0,0,0,0
0,0,0,0,0,0
0,0,0,0,0,0
0,0,0,13.951831,14.074559,14.066846
0,14.027128,13.988862,0,0,0
0,0,0,0,0,0
0,0,15.4647045,0,0,0
0,0,0,0,0,0
0,0,0,0,0,0
0,0,0,0,0,0
13.73957,13.683324,13.785963,0,0,0
14.544601,0,0,0,0,0
16.683405,16.641178,16.601175,14.18022,14.034799,14.107953
0,0,0,0,0,0
13.034455,0,0,0,0,0
17.184294,17.180006,17.162193,0,0,13.990991
13.483312,13.347206,13.057992,0,0,0
0,0,0,0,0,0
0,0,0,0,0,0
0,0,0,0,0,0
14.161131,13.519882,13.936822,0,0,0
0,0,0,0,0,0
0,0,0,0,0,0
0,0,0,15.322246,0,0
13.5168085,13.241089,0,0,0,0
0,0,0,0,0,0
0,0,0,0,0,0
0,0,0,0,0,0
0,0,0,0,0,0
0,0,0,0,0,0
0,0,0,0,0,0
16.260588,16.295374,16.208347,0,0,0
13.371777,0,0,0,0,0
17.61835,17.611723,17.601582,16.151373,16.16977,16.112541
0,0,0,0,0,0
16.113743,16.054201,15.998899,0,0,0
0,0,0,0,0,0
0,0,0,0,0,0
0,0,0,0,0,0
12.981211,12.993646,12.998942,0,0,0
0,0,15.807757,0,0,0
0,0,0,0,0,0
0,0,0,0,0,0
0,0,0,0,0,0
0,0,0,0,0,0
0,0,0,0,0,0
0,0,0,0,0,0
15.705956,15.700087,15.726937,0,0,0
0,0,0,0,0,0
13.842055,13.909049,0,0,0,0
0,0,0,0,0,0
0,14.823617,0,0,0,0
0,0,0,0,0,0
14.835951,14.6817875,14.557942,0,0,0
14.164042,14.644195,0,0,0,0
-7.715684,-7.715684,-7.715684,-7.715684,-7.715684,-7.715684
0,0,0,0,0,0
17.07365,16.978655,0,14.619647,14.650379,14.507547
0,0,0,0,0,0
0,0,0,0,0,0
-8.625713,-8.625713,-8.625713,-8.625713,-8.625713,-8.625713
0,0,0,0,0,0
-6.0797777,-6.0797777,-6.0797777,-6.0797777,-6.0797777,-6.0797777
14.063227,13.705416,0,0,0,0
0,14.539946,14.465056,0,0,0
15.425839,15.371062,15.33999,14.869401,14.858563,14.7937565
15.094284,0,0,0,0,0
0,0,0,0,0,0
0,0,0,0,0,0
0,13.339433,0,0,0,0
12.636851,13.109178,0,0,0,0
13.879008,0,0,0,0,0
-9.055109,-9.055109,-9.055109,-9.055109,-9.055109,-9.055109
0,0,0,0,0,0
0,13.573528,11.269711,0,0,0
0,0,0,0,0,0
0,0,0,0,0,0
0,0,15.108035,0,0,0
0,0,0,0,0,0
0,0,0,0,0,0
0,0,0,0,0,0
0,0,0,0,0,0
0,0,0,0,0,0
0,0,0,0,0,0
0,0,0,0,0,0
0,0,0,0,0,0
0,0,0,0,0,0
0,0,0,0,0,0
0,0,0,0,0,0
14.17313,12.686938,13.347622,0,0,0
16.705173,16.666058,16.747013,0,13.109504,13.007378
0,0,0,0,0,0
0,0,0,0,0,0
0,0,0,0,0,0
0,0,14.976608,0,0,0
0,0,0,0,0,0
0,0,0,0,0,0
0,13.61586,0,0,0,0
0,0,0,0,0,0
0,0,0,0,0,0
0,0,0,0,0,0
0,0,0,0,0,0
0,0,0,0,0,0
0,13.205336,13.244512,0,0,0
0,0,0,0,0,13.324462
0,0,0,0,0,0
9.699001,9.537025,9.628687,9.149736,9.008484,8.927845
0,0,0,0,0,0
15.256577,15.156754,15.245219,0,0,0
0,0,0,0,0,0
0,0,0,0,0,0
0,0,0,0,0,0
-14.380752,-14.380752,-14.380752,-14.380752,-14.380752,-14.380752
0,0,0,0,0,0
0,0,0,0,0,0
0,0,0,0,0,0
15.207014,14.911158,15.121574,0,0,0
15.767771,0,15.669329,0,0,0
13.711883,0,0,0,0,0
0,0,0,0,0,0
0,0,0,0,0,0
0,0,0,0,0,0
0,0,15.087628,0,0,0
0,0,0,0,0,0
0,0,0,0,0,0
0,0,0,0,0,0
0,0,0,0,0,0
0,0,0,0,0,0
0,0,0,0,0,0
0,0,0,0,0,0
0,0,0,0,0,0
0,0,0,0,0,0
0,15.231971,15.18057,0,0,0
0,0,0,0,0,0
0,0,0,0,0,0
0,0,0,0,0,0
0,0,0,0,0,0
0,0,0,0,0,0
0,12.427312,12.550507,0,0,0
0,0,0,0,0,0
0,0,0,0,0,0
0,0,0,0,0,0
0,0,0,0,0,0
0,0,0,0,0,0
0,0,0,0,0,0
0,0,0,0,0,0
0,0,14.198061,0,0,0
0,0,0,0,0,0
0,0,0,0,0,0
0,0,0,0,0,0
0,0,14.115531,0,0,0
0,0,0,0,0,0
0,0,0,0,0,0
0,0,0,0,0,0
0,0,0,0,0,0
13.408065,13.197678,13.267078,0,0,0
0,0,0,0,0,0
0,0,0,0,0,0
16.69679,16.765247,16.745792,15.572493,15.5557575,15.616203
0,0,0,0,0,0
16.355247,16.374784,16.317112,13.899262,13.270587,13.726006
0,0,0,0,0,0
0,12.755513,12.674413,0,0,0
0,0,0,0,0,0
0,0,0,0,0,0
0,0,0,0,0,0
0,0,0,0,0,0
14.858126,0,0,0,0,0
0,0,0,0,0,0
0,0,0,0,0,0
17.123333,0,0,14.600726,0,14.80539
0,0,0,0,0,0
0,0,0,0,0,0
0,0,0,0,0,0
0,0,0,0,0,0
0,0,0,0,0,0
0,13.871425,0,0,0,0
0,0,0,0,0,0
0,0,0,0,0,0
0,0,0,0,0,0
0,13.015937,0,0,0,0
0,0,0,0,0,0
0,0,0,0,0,0
0,0,0,0,0,0
0,0,0,0,0,0
0,0,0,0,0,0
13.659884,15.92126,15.762745,0,0,0
0,12.339015,0,0,0,0
13.903694,13.718105,13.954105,0,0,0
0,0,0,0,0,0
0,0,0,0,0,0
0,0,0,0,0,0
0,0,0,0,0,0
0,0,0,0,0,0
0,0,0,0,0,0
0,0,0,0,0,0
0,0,0,0,0,0
0,0,0,0,0,0
0,0,0,0,0,0
0,0,0,0,0,0
0,0,0,0,0,0
14.223624,0,0,0,0,0
14.670158,0,0,0,0,0
0,0,0,0,0,0
0,0,0,0,0,0
0,0,0,0,0,0
0,0,0,0,0,0
-8.790857,-8.790857,-8.790857,-8.790857,-8.790857,-8.790857
0,0,0,0,0,0
0,0,0,0,0,0
0,0,0,0,0,0
0,0,0,0,0,0
15.167889,15.1528,15.056003,0,0,0
0,0,0,0,0,0
0,0,0,0,0,0
0,0,0,0,0,0
13.129766,13.952468,13.414157,0,0,0
0,0,0,0,0,0
0,0,0,0,0,0
0,0,0,0,0,0
0,0,0,0,0,0
0,0,0,0,0,0
0,0,0,0,0,0
0,0,0,0,0,0
0,0,0,0,0,0
0,0,0,0,0,0
0,0,0,0,0,0
14.00615,0,0,0,0,0
0,0,0,0,0,0
0,0,0,0,0,0
14.75994,0,14.74373,0,0,0
0,0,0,0,0,0
0,0,0,0,0,0
12.992761,13.107054,15.259413,0,0,0
0,0,0,0,0,0
0,0,0,0,0,0
12.960002,12.628446,0,0,0,0
14.8361,14.417655,15.0652895,0,12.954197,0
14.531198,0,14.540855,0,0,0
0,0,0,0,0,0
0,0,0,0,0,0
0,0,0,0,0,0
0,0,0,0,0,0
0,0,0,0,0,0
0,0,0,0,0,0
-7.7173796,-7.7173796,-7.7173796,-7.7173796,-7.7173796,-7.7173796
0,0,0,0,0,0
0,0,0,0,0,0
0,0,0,0,0,0
0,0,0,0,0,0
0,0,13.446825,0,0,0
0,0,0,0,0,0
0,0,0,0,0,0
0,14.725579,0,0,0,0
0,0,0,0,0,0
0,0,0,0,0,0
0,0,0,0,0,0
0,15.685953,0,0,14.359269,0
0,0,0,0,0,0
0,0,0,0,0,0
15.080152,15.007464,0,0,0,0
0,0,0,0,0,0
15.057696,15.064574,15.206213,13.179286,12.861475,12.931846
0,0,0,0,0,0
0,0,0,0,0,0
0,0,0,0,0,0
0,0,0,0,0,0
0,0,0,0,0,0
0,0,0,0,0,0
0,0,15.40158,0,0,0
0,0,12.356453,0,0,0
15.650098,15.709488,15.726698,0,13.565697,0
12.072803,12.068778,0,0,0,0
0,0,0,0,0,0
0,0,0,0,0,0
14.08622,13.88665,13.927315,0,0,0
0,0,0,0,0,0
0,0,0,0,0,0
15.295984,15.137591,15.342908,0,0,0
0,0,0,0,0,0
0,0,0,0,0,0
0,0,0,0,0,0
0,0,0,0,0,0
0,0,0,0,0,0
-8.183169,-8.183169,-8.183169,-8.183169,-8.183169,-8.183169
0,12.646335,0,13.242131,13.24362,12.967226
0,0,0,0,0,0
0,0,0,0,0,0
0,0,0,0,0,0
12.115044,0,0,0,0,0
0,14.776073,14.666224,0,0,0
15.089781,15.111094,14.990326,0,0,0
0,0,0,0,0,0
-8.193369,-8.193369,-8.193369,-8.193369,-8.193369,-8.193369
0,0,0,0,0,0
0,0,12.764664,0,0,0
0,0,0,0,0,0
0,0,0,0,0,0
0,0,0,0,0,0
0,0,0,0,0,0
0,0,0,0,0,0
0,0,0,0,0,0
0,0,0,0,0,0
0,0,0,0,0,0
0,0,0,0,0,0
0,14.176408,14.878913,0,0,0
0,0,0,0,0,0
12.428884,0,0,0,0,0
12.999295,13.252518,13.125575,0,0,0
16.152958,16.076836,15.625367,0,0,0
0,0,0,12.779103,0,0
0,0,0,0,0,0
15.835187,0,16.188898,0,0,0
0,0,0,0,0,0
0,0,0,0,0,0
12.929812,0,0,0,0,0
13.723874,0,0,0,0,0
0,0,0,0,0,0
0,0,0,12.663336,12.393659,12.375039
0,0,0,0,0,0
0,0,0,0,0,0
0,0,0,0,0,0
0,0,0,0,0,0
0,0,0,0,0,0
0,0,0,0,0,0
0,0,0,0,0,0
0,0,0,0,0,0
13.714139,0,0,0,0,0
0,0,0,0,0,0
0,0,0,0,0,0
0,0,0,0,0,0
0,0,0,0,0,0
0,0,0,0,0,0
0,0,0,0,0,0
0,0,0,0,0,0
0,0,0,0,0,0
0,0,0,0,0,0
12.969566,12.251779,12.592457,0,0,0
0,0,13.406204,13.595374,13.356315,13.485326
0,0,0,13.872482,0,0
0,14.225884,0,0,0,0
0,0,0,0,0,0
0,0,0,0,0,0
0,0,0,0,0,0
14.115612,14.057061,13.287568,0,0,0
0,0,0,0,0,0
0,13.325727,14.81988,0,0,0
13.760407,0,13.531138,0,0,0
-6.649246,-6.649246,-6.649246,-6.649246,-6.649246,-6.649246
0,0,0,0,0,0
15.444045,15.449891,15.477537,12.768598,13.0287695,14.161683
0,0,0,0,0,0
0,0,0,0,0,0
0,0,0,0,0,0
0,0,0,0,0,0
0,0,0,0,0,0
0,0,0,0,0,0
0,0,0,0,0,0
0,0,0,0,0,0
0,0,0,0,0,0
0,0,0,0,0,0
0,0,0,0,0,0
13.417326,0,13.279901,0,12.843528,0
0,0,0,0,0,0
0,0,0,0,0,0
0,0,0,0,0,0
0,0,13.215229,0,0,0
0,0,0,0,0,0
0,0,0,0,0,0
0,0,11.957465,0,0,0
0,0,0,0,0,0
0,0,0,0,0,0
0,0,0,0,0,0
0,0,0,0,0,0
0,0,0,0,0,0
0,0,0,0,0,0
0,0,0,0,0,0
14.526683,14.49129,14.525581,0,0,0
0,0,0,0,0,0
0,0,0,0,0,0
0,0,0,0,0,0
0,0,0,0,0,0
0,0,0,0,0,0
0,0,0,0,0,0
0,0,0,0,0,0
-8.153245,-8.153245,-8.153245,-8.153245,-8.153245,-8.153245
13.174769,12.992761,0,0,0,0
0,0,0,0,0,0
11.15861,0,0,0,0,0
0,0,0,0,0,0
-0.6782818,-0.75045204,-0.70220375,-0.57174397,-0.6332741,-0.71885014
0,0,0,0,0,0
0,0,0,0,0,0
0,0,13.256946,0,0,0
0,0,0,0,0,0
13.743783,14.005448,0,0,0,0
11.657318,0,0,0,0,0
0,0,0,0,0,0
13.152601,13.139551,13.049508,0,0,0
0,0,0,0,0,0
0,0,0,0,0,0
0,0,0,0,0,0
0,12.816983,0,0,0,0
0,0,0,0,0,0
0,15.006106,0,0,0,0
0,0,0,0,0,0
0,0,0,0,0,0
0,0,0,0,0,0
0,0,0,0,0,0
0,0,0,0,0,0
0,0,0,0,0,0
0,0,0,0,0,0
0,0,13.587193,0,0,0
-8.08509,-8.08509,-8.08509,-8.08509,-8.08509,-8.08509
0,0,0,0,0,0
0,0,0,0,0,0
0,0,0,0,0,0
0,0,13.945444,0,0,0
0,0,0,0,0,0
0,0,0,0,0,0
0,0,0,0,0,0
0,0,0,0,0,0
0,0,0,0,0,0
0,0,0,0,0,0
14.536612,14.506617,14.096632,0,12.685406,12.634584
0,0,0,0,0,0
0,0,0,0,0,0
0,0,0,0,0,0
0,0,0,0,0,0
-8.518141,-8.518141,-8.518141,-8.518141,-8.518141,-8.518141
0,0,0,0,0,0
0,0,0,0,0,0
14.905669,14.656648,0,0,0,0
0,12.763834,0,0,0,0
0,0,0,0,0,0
0,0,0,0,0,0
0,0,0,0,0,0
0,0,0,0,0,0
13.811174,14.149588,14.1238785,0,0,0
0,0,0,0,0,0
16.639114,15.621937,16.710121,0,13.878626,14.13651
13.259155,0,13.142745,0,0,0
-7.2937126,-7.2937126,-7.2937126,-7.2937126,-7.2937126,-7.2937126
0,0,0,0,0,0
14.394597,0,0,0,0,0
0,0,0,0,0,0
0,0,0,0,0,0
0,0,0,0,0,0
0,0,0,0,0,0
0,0,0,0,0,0
0,0,13.703795,0,0,0
0,0,0,0,0,0
0,0,0,0,0,0
0,0,0,0,0,0
0,0,0,0,0,0
0,0,0,0,0,0
0,0,0,0,0,0
0,0,0,0,0,0
-8.077211,-8.077211,-8.077211,-8.077211,-8.077211,-8.077211
0,0,0,0,0,0
0,0,0,0,0,0
0,0,0,0,0,0
0,0,0,0,0,0
0,0,0,0,0,0
0,0,0,0,0,0
0,0,0,0,0,0
0,0,0,0,0,0
0,0,0,0,0,0
14.788514,0,14.435866,0,0,0
0,0,0,0,0,0
0,0,0,13.0017605,12.932215,13.042856
0,0,0,0,0,0
12.836445,12.804333,0,0,0,0
15.185224,14.416138,14.910549,13.345544,13.321223,12.612869
0,0,0,0,0,0
0,0,0,0,0,0
0,0,0,0,0,0
0,0,0,0,0,0
0,0,0,0,0,0
0,0,0,0,0,0
0,0,0,0,0,0
0,0,0,0,0,0
0,0,0,0,0,0
0,0,0,0,0,0
0,0,0,0,0,0
0,0,0,0,0,0
0,0,0,0,0,0
0,12.884933,12.653741,0,0,0
14.611024,14.623195,14.483501,0,0,0
0,0,0,0,0,0
15.608082,0,0,0,0,0
15.544693,15.462342,15.156834,0,0,0
0,0,0,0,0,0
0,0,0,0,0,0
0,0,0,0,0,0
0,0,14.039262,0,0,0
0,12.853309,0,0,0,0
0,0,0,0,0,0
0,0,0,0,0,0
0,0,0,0,0,0
0,0,0,0,0,0
0,0,0,0,0,0
0,0,0,0,0,0
0,0,0,0,0,0
0,0,0,0,0,0
12.741677,0,0,0,0,0
0,0,0,0,0,0
11.82893,0,0,0,0,0
0,0,0,0,0,0
0,0,0,0,0,0
0,0,0,0,0,0
0,0,0,0,0,0
0,0,0,0,0,0
0,0,0,0,0,0
0,0,0,0,0,0
0,0,0,0,0,0
0,0,0,0,0,0
0,0,0,0,0,0
0,0,0,0,0,13.357553
0,0,0,0,0,0
0,0,0,0,0,0
0,0,0,0,0,0
0,0,0,0,0,0
0,0,0,0,0,0
0,0,0,0,0,0
15.19568,15.163728,14.642108,13.405009,13.419698,12.594091
0,0,0,0,0,0
0,0,0,0,0,0
0,0,0,0,0,0
13.850285,12.968667,13.743888,0,0,0
0,0,0,0,0,0
0,0,0,0,0,0
0,0,0,0,0,0
0,0,0,0,0,0
0,0,0,0,0,0
0,0,0,0,0,0
0,0,0,0,0,0
0,11.767357,11.297489,0,0,0
0,0,0,0,0,0
0,0,0,0,0,0
0,0,0,0,0,0
0,0,0,0,0,0
0,0,0,0,0,0
0,0,0,0,0,0
0,0,0,0,0,0
0,0,0,0,0,0
0,0,0,0,0,0
0,0,0,0,0,0
0,0,0,0,0,0
0,0,0,0,0,0
13.364271,0,13.421276,0,0,0
0,0,0,0,0,0
0,0,0,0,0,0
0,12.624567,0,0,0,0
0,0,0,0,0,0
0,0,0,0,0,0
0,0,0,0,0,0
0,0,0,0,0,0
0,0,0,0,0,0
0,0,0,0,0,0
0,0,0,0,0,0
0,0,0,0,0,0
0,0,0,0,0,0
0,0,0,0,0,0
0,0,0,0,0,0
0,0,0,0,0,0
0,0,0,0,0,0
0,0,0,0,0,0
0,0,0,0,0,0
0,0,0,14.833038,14.686336,14.612235
0,12.020981,11.709945,0,0,0
0,0,0,0,0,0
0,0,0,0,0,0
13.294045,0,13.484822,0,0,0
0,0,0,0,0,0
0,0,0,0,0,0
0,0,0,0,0,0
0,0,0,0,0,0
0,0,0,0,0,0
13.977817,13.807154,13.883598,0,0,0
0,0,0,0,0,0
0,0,0,0,0,0
0,0,0,0,0,0
0,0,0,0,0,0
0,0,0,0,0,0
0,0,0,0,0,0
0,0,0,11.793197,0,0
0,0,0,0,0,0
0,0,0,0,0,0
0,0,0,0,0,0
0,0,0,0,0,0
0,0,0,0,0,0
0,0,0,0,12.073472,0
0,0,0,0,0,0
0,0,0,0,0,0
0,0,0,0,0,0
0,0,0,0,0,0
0,0,0,0,0,0
0,0,0,13.918304,14.437947,13.834075
0,0,0,12.984063,13.063901,12.984774
0,0,0,0,0,0
0,0,0,0,0,0
13.976474,13.510888,13.561169,0,0,0
0,0,0,0,0,0
0,0,0,0,0,0
0,0,0,0,0,0
0,0,0,0,0,0
12.972082,12.90858,0,0,0,0
0,0,0,0,0,0
13.9309225,14.110321,13.641148,0,0,0
0,0,0,0,0,0
0,0,0,0,0,0
0,0,0,0,0,0
0,0,0,0,0,0
0,0,0,0,0,0
-7.4503627,-7.4503627,-7.4503627,-7.4503627,-7.4503627,-7.4503627
0,0,0,0,0,0
0,0,0,0,0,0
12.284246,0,0,0,0,0
0,0,0,0,0,0
7.4337115,7.391395,7.366565,6.3094745,6.2602544,6.1081834
0,0,0,0,0,0
0,0,0,0,0,0
0,0,0,0,0,0
0,0,0,0,0,0
0,0,0,0,0,0
0,0,0,0,0,0
0,0,0,0,0,0
0,0,0,0,0,0
0,0,0,0,0,0
0,0,0,0,0,0
0,0,0,0,0,0
0,14.033509,13.811875,0,0,0
0,0,0,0,0,0
0,0,0,0,0,0
0,0,0,0,0,0
0,0,0,0,0,0
12.813781,12.786065,12.684311,0,0,0
0,0,0,0,0,0
0,0,0,0,0,0
0,0,0,0,0,0
0,0,0,14.502521,14.340059,14.515576
0,0,0,0,0,0
15.017505,15.031055,15.00365,12.46786,13.07765,12.433846
0,0,0,0,0,0
-7.3735194,-7.3735194,-7.3735194,5.5157943,-7.3735194,-7.3735194
0,0,0,0,0,0
0,0,0,0,0,0
0,0,0,0,0,0
0,0,0,0,0,0
0,0,0,0,0,0
0,0,0,0,0,0
0,0,0,0,0,0
0,0,0,0,0,0
0,0,0,0,0,0
0,0,0,0,0,0
0,0,0,0,0,0
0,0,0,0,0,11.908392
0,0,0,0,0,0
0,0,0,0,0,0
0,0,0,0,0,0
15.72286,15.831059,15.67433,0,0,0
14.988108,15.015458,15.031184,0,12.031701,0
0,0,0,0,0,0
0,0,0,0,0,0
0,0,0,0,0,0
0,0,0,0,0,0
0,12.288866,0,0,0,0
-6.889603,-6.889603,-6.889603,-6.889603,-6.889603,-6.889603
-7.2120504,-7.2120504,-7.2120504,-7.2120504,-7.2120504,-7.2120504
0,0,0,0,0,0
12.368506,12.477252,12.115044,0,0,0
0,0,0,0,0,0
0,0,0,0,0,0
0,0,0,0,0,0
0,0,0,0,0,0
0,0,0,0,0,0
0,0,0,0,0,0
0,0,0,0,0,0
0,0,0,0,0,0
0,0,0,0,0,0
0,0,0,0,0,0
0,0,0,0,0,0
0,0,0,0,0,0
0,0,0,0,0,0
0,0,0,0,0,0
0,0,0,0,0,0
0,0,0,0,0,0
16.69679,16.765247,16.745792,15.572493,15.5557575,15.616203
-14.356352,-14.356352,-14.356352,-14.356352,-14.356352,-14.356352
0,13.963076,13.009479,0,0,0
0,0,0,0,0,0
0,0,0,0,0,0
0,0,0,0,0,0
0,0,0,0,0,0
0,0,0,0,0,0
0,0,0,0,0,0
0,0,0,0,0,0
15.425839,15.361191,15.297561,13.074642,13.106399,13.267226
0,0,0,0,0,0
12.880922,13.721953,0,0,0,0
0,0,0,0,0,0
0,0,0,0,0,0
0,0,0,0,0,0
0,0,0,0,0,0
0,0,0,0,0,0
0,0,0,0,0,0
13.491979,13.429407,0,0,0,0
0,0,0,0,0,0
0,0,0,0,0,0
0,0,0,0,0,0
0,14.385054,0,0,0,0
0,0,0,0,0,0
0,0,0,0,0,0
15.1618,14.862153,15.078859,12.718319,0,12.681897
13.064911,12.837825,12.864186,0,0,0
0,0,0,0,0,0
0,0,0,0,0,0
15.721741,15.574298,15.6199045,0,13.958372,13.955379
0,0,0,0,0,0
-7.543234,-7.543234,-7.543234,-7.543234,-7.543234,-7.543234
0,0,0,0,0,0
0,0,0,0,0,0
14.065836,12.321646,13.298779,0,0,0
0,12.722168,0,0,0,0
0,0,0,0,0,0
0,0,0,0,0,0
-7.8025227,-7.8025227,-7.8025227,-7.8025227,-7.8025227,-7.8025227
0,0,0,0,0,0
0,0,0,0,0,0
0,0,0,0,0,0
11.916253,0,0,0,0,0
0,0,0,0,0,0
0,0,0,0,0,0
0,0,0,0,0,0
0,0,0,0,0,0
0,0,0,0,0,0
0,0,0,0,0,0
0,0,0,0,0,0
0,0,0,0,0,0
0,0,0,0,0,0
0,0,0,0,0,0
0,0,0,0,0,0
0,0,0,0,0,0
0,0,0,0,0,0
0,0,0,0,0,0
0,0,0,0,0,0
-7.225348,-7.225348,-7.225348,-7.225348,-7.225348,-7.225348
0,0,0,0,0,0
0,0,0,0,0,0
14.082565,0,0,14.174926,14.035057,0
13.223097,13.3130245,12.907454,0,0,0
0,0,0,0,0,0
0,0,0,0,0,0
0,0,0,0,0,0
0,0,0,0,0,0
0,0,0,0,0,0
0,0,0,0,0,0
0,0,0,0,0,0
0,0,0,0,0,0
0,0,0,0,0,0
0,0,0,0,0,0
0,0,0,0,0,0
13.139231,13.16632,13.069786,0,0,0
0,0,0,0,0,0
0,0,0,0,0,0
0,0,0,0,0,0
0,0,0,0,0,0
0,0,0,0,0,0
0,0,0,0,0,0
0,0,0,0,0,0
0,0,0,0,0,0
-7.5684156,-7.5684156,-7.5684156,-7.5684156,-7.5684156,-7.5684156
0,0,0,13.251778,0,14.104435
0,0,0,0,0,0
0,12.810773,0,0,0,0
0,0,0,0,0,0
0,0,0,0,0,0
0,0,0,0,0,0
0,0,0,0,0,0
12.65955,11.956375,11.963258,0,0,0
0,0,0,0,0,0
0,0,0,0,0,0
0,0,0,0,0,0
0,0,0,0,0,0
0,0,0,0,0,0
12.959096,12.932215,0,0,0,0
-6.9221563,-6.9221563,-6.9221563,-6.9221563,-6.9221563,-6.9221563
0,0,0,0,0,0
0,0,0,0,0,0
0,0,0,0,0,0
0,0,0,0,0,0
0,0,0,0,0,0
0,0,0,0,0,0
0,0,0,0,0,0
0,0,0,0,0,0
0,12.250002,12.218564,0,0,0
0,0,0,0,0,0
13.87181,13.856523,0,0,0,0
0,0,0,12.775199,12.83743,0
0,0,0,0,0,0
0,0,0,0,0,0
0,0,0,0,0,0
12.965243,12.9710045,12.995768,0,0,0
0,0,0,0,0,0
0,0,0,0,0,0
0,0,0,0,0,0
0,0,0,0,0,0
0,11.877668,0,0,0,0
0,0,0,0,0,0
0,0,0,0,0,0
0,0,0,0,0,0
0,0,0,0,0,0
0,0,0,0,0,0
0,0,0,0,0,0
0,0,0,0,0,0
0,0,0,0,0,0
0,0,0,0,0,0
0,0,0,0,0,0
0,0,0,0,0,0
0,0,0,0,0,0
0,0,0,0,0,0
0,0,0,0,0,0
0,0,0,0,0,0
0,12.490098,0,0,0,0
14.777461,14.753687,14.590938,14.927593,14.923282,14.859243
0,0,0,0,0,0
0,0,0,0,0,0
0,0,0,0,0,0
0,0,0,0,0,0
0,0,0,0,0,0
0,0,0,0,0,0
0,0,0,0,0,0
0,0,0,0,0,0
0,0,0,0,0,0
0,0,0,0,0,0
0,0,0,0,0,0
0,0,0,0,0,0
0,0,0,0,0,0
14.21394,14.255915,13.531746,0,0,0
0,0,0,0,0,0
0,0,0,0,0,0
0,0,0,0,0,0
0,0,0,0,0,0
0,0,0,0,0,0
0,0,0,0,0,0
12.512741,12.432803,0,0,0,0
0,0,0,0,0,0
0,0,0,0,0,0
0,0,0,0,0,0
0,0,0,0,0,0
13.785657,0,0,0,0,0
0,0,0,0,0,0
0,0,0,0,0,0
0,0,0,0,0,0
0,0,0,0,0,0
0,0,0,0,0,0
0,0,0,0,0,0
-13.451228,-13.451228,-13.451228,-13.451228,-13.451228,-13.451228
0,0,0,0,12.814983,0
0,0,0,0,0,0
0,0,0,0,0,0
0,0,0,0,0,0
0,0,0,0,0,0
0,0,0,12.899168,13.024794,0
0,0,0,0,0,0
0,0,0,0,0,0
0,0,0,0,0,0
0,0,0,0,0,0
0,0,0,0,0,0
0,0,0,0,0,0
0,0,0,0,0,0
0,0,0,0,0,0
-6.4020653,-6.4020653,5.9945393,6.5052013,6.594761,6.523675
0,0,0,0,0,0
0,0,11.833285,0,0,0
0,0,0,0,0,0
0,0,0,0,0,0
0,0,0,0,0,0
0,0,0,0,0,0
0,0,0,0,0,0
0,0,0,0,0,0
0,0,0,0,0,0
0,0,0,0,0,0
0,0,0,0,0,0
0,0,0,0,0,0
0,0,0,0,0,0
0,0,0,0,0,0
0,0,0,0,0,0
0,0,0,0,0,0
0,0,0,0,0,0
0,0,0,0,0,0
7.6268387,7.5957937,7.5490932,7.613225,7.7255983,7.703678
0,0,0,0,0,0
13.158767,0,13.917279,14.06002,13.965424,14.059768
0,0,0,0,0,0
0,0,0,0,0,0
-7.070974,-7.070974,-7.070974,-7.070974,-7.070974,-7.070974
0,0,0,0,0,0
0,0,0,0,0,0
0,0,0,0,0,0
0,0,0,0,0,0
0,11.846665,11.907266,0,0,0
0,0,0,0,0,0
0,0,0,0,0,0
0,0,0,0,0,0
0,0,0,0,0,0
0,0,0,0,0,0
0,0,0,0,0,0
0,0,0,0,0,0
0,0,0,0,0,0
0,0,0,0,0,0
0,0,0,0,0,0
-6.4979715,-6.4979715,-6.4979715,-6.4979715,-6.4979715,-6.4979715
0,0,0,0,0,0
0,0,0,0,0,0
-13.589369,-13.589369,-13.589369,-13.589369,-13.589369,-13.589369
-13.411017,-13.411017,-13.411017,-13.411017,-13.411017,-13.411017
0,0,0,0,0,0
-13.673382,-13.673382,-13.673382,-13.673382,-13.673382,-13.673382
0,0,0,0,0,0
0,0,0,0,0,0
0,0,0,0,0,0
0,0,0,0,0,0
0,0,0,0,0,0
0,0,0,0,0,0
0,0,0,0,0,0
0,0,0,0,0,0
0,0,0,0,0,0
0,0,0,0,0,0
0,0,0,0,0,0
0,0,0,0,0,0
0,0,0,0,0,0
0,0,0,0,0,0
0,0,0,0,0,0
0,0,0,0,0,0
0,0,0,0,12.994884,13.036517
0,0,0,0,0,0
0,0,0,0,0,0
0,0,0,0,0,0
0,0,0,0,0,0
0,0,0,0,0,0
0,0,0,0,0,0
0,0,0,0,0,0
0,0,0,0,0,0
-7.0960693,-7.0960693,-7.0960693,-7.0960693,6.1463604,-7.0960693
0,0,0,0,0,0
0,0,0,0,0,0
0,0,0,0,0,0
0,0,0,0,0,0
0,0,0,0,0,0
0,0,0,0,0,0
0,0,0,0,0,0
0,0,0,0,0,0
0,0,0,0,0,0
0,0,0,0,0,0
0,0,0,0,0,0
0,0,0,0,0,0
0,0,0,0,0,0
0,0,0,0,0,0
0,0,0,0,0,0
0,0,0,0,0,0
0,0,0,0,0,0
0,0,0,0,0,0
0,0,0,0,0,0
0,0,0,0,0,0
0,0,0,0,0,0
0,0,0,0,0,0
0,0,0,0,0,0
-6.9990306,-6.9990306,-6.9990306,-6.9990306,-6.9990306,-6.9990306
-6.995362,-6.995362,-6.995362,-6.995362,-6.995362,-6.995362
0,0,0,0,0,0
0,0,0,0,0,0
0,0,0,0,0,0
0,0,0,0,0,0
0,0,0,0,0,0
0,0,0,0,0,0
0,0,0,0,0,0
0,0,0,0,0,0
0,0,0,0,0,0
0,0,0,0,0,0
12.042685,11.930367,11.843921,0,0,0
0,0,0,0,0,0
0,0,0,0,0,0
0,0,0,0,0,12.366595
0,0,0,0,0,0
0,0,0,0,0,0
0,0,0,0,0,0
0,0,0,0,0,0
0,0,0,0,0,0
0,0,0,0,0,0
0,0,0,0,0,0
0,0,0,0,0,0
0,0,0,0,0,0
0,0,0,0,0,0
-7.142376,-7.142376,-7.142376,-7.142376,-7.142376,-7.142376
0,0,0,0,0,0
0,0,0,0,0,0
0,0,0,0,0,0
0,0,0,0,12.424166,12.564864
0,0,0,0,0,0
0,0,0,0,0,0
-6.8265343,-6.8265343,-6.8265343,-6.8265343,-6.8265343,-6.8265343
0,0,0,0,0,0
0,0,0,0,0,0
0,0,0,0,0,0
0,0,0,0,0,0
0,0,0,0,0,0
0,0,0,0,0,0
0,0,0,0,0,0
0,0,0,0,0,0
0,0,0,0,0,0
0,0,0,0,0,0
0,0,0,0,0,0
0,0,0,0,0,0
0,0,0,0,0,0
0,0,0,0,0,0
0,0,0,0,0,0
0,0,0,0,0,0
0,0,0,0,0,0
0,0,0,0,0,0
0,0,0,0,0,0
0,0,0,0,13.37694,0
0,0,0,0,0,0
-6.630827,-6.630827,-6.630827,-6.630827,-6.630827,-6.630827
13.8969,13.948732,13.883026,0,0,0
0,0,0,0,0,0
0,0,0,0,0,0
0,0,0,0,0,0
0,0,0,0,0,0
0,0,0,0,0,0
0,0,0,0,0,0
0,0,0,0,0,0
0,0,0,0,0,0
0,0,0,0,0,0
0,0,0,0,0,0
0,0,0,0,0,0
0,0,0,0,0,0
0,0,0,0,0,0
0,0,0,0,0,0
0,0,0,0,0,0
0,0,0,0,0,0
0,0,0,0,0,0
16.854649,16.70674,16.901184,20.478924,20.445847,0
0,0,0,0,0,0
0.036577225,-0.13241005,-0.073467255,-0.7683048,-0.6923876,-0.9642477
17.008482,17.002222,16.97831,20.268188,20.272293,20.241388
0,14.465502,0,0,0,19.81311
0,16.34296,14.451662,0,19.684883,19.650562
16.265615,16.090857,16.475733,17.743462,17.739788,17.960783
0,14.719924,0,17.593945,17.598038,17.732027
0,0,0,0,0,0
0,0,0,0,0,0
0,0,0,17.088934,17.166672,17.10553
0,0,0,0,0,0
0,0,0,0,0,0
0,0,0,15.08709,14.964476,15.156202
0,0,0,0,0,0
25.997034,26.028038,26.031227,0,25.02541,0
23.494669,23.507654,23.501602,21.562845,21.493696,21.499956
22.972515,23.039413,23.029442,21.438465,21.457176,21.446651
0,0,0,24.154444,0,24.132061
1.7183628,1.7157211,1.7204247,-22.62765,3.527731,3.5309868
24.176622,0,24.173553,22.302477,22.270624,0
25.759678,25.778988,25.777514,24.294403,24.284594,24.279177
24.279902,24.27496,0,23.08897,23.08131,23.230223
21.69464,22.539553,22.563923,20.954123,20.644512,20.994593
25.999996,26.029467,26.027988,25.043951,25.023941,25.025396
9.848179,9.882385,-15.103821,8.98731,8.980864,8.9710865
21.059193,21.08474,21.061338,18.033783,18.002655,18.000341
0,23.013384,22.994825,20.921167,20.894161,20.88488
22.197077,22.20018,22.194857,21.418152,21.401934,21.413631
24.548248,24.585344,24.595844,23.516102,23.517717,23.50712
22.428194,22.43866,22.428207,24.327059,24.332922,24.33373
0,0,0,0,0,0
21.017494,21.041441,21.018955,18.012733,17.98723,18.00616
19.881542,19.91668,19.880844,16.451017,16.397942,16.41452
19.540188,19.599789,19.579985,17.539522,17.4691,17.480434
17.422377,17.423855,17.428818,0,0,0
18.623032,18.736254,18.700775,0,0,15.54436
20.268024,20.232862,20.244019,22.381231,22.370377,22.38162
18.170277,18.241568,18.216803,16.158827,16.070204,15.827987
20.438797,20.502262,20.463345,18.12091,18.110529,18.137457
0,17.004011,17.110209,0,0,0
18.87144,18.88607,18.81774,23.009563,23.014412,23.001102
0,19.863522,19.866812,19.70999,0,19.66167
21.097208,21.123512,21.120026,19.169664,19.18382,0
4.403015,4.4147243,4.427809,4.8950043,4.898546,4.899933
-14.690926,-14.690926,6.303253,5.2358837,5.613119,5.290594
0,0,0,24.155825,0,24.132051
0,0,0,0,0,18.256332
19.054398,19.091715,18.998783,0,17.023972,16.894415
19.95154,19.953747,19.929064,0,18.400175,0
0,0,0,0,0,0
23.309862,23.294588,0,0,0,0
18.176363,0,18.189945,0,0,14.345474
21.93673,21.918705,21.922525,19.139154,18.490965,19.158264
18.502823,0,18.553814,0,16.559795,16.307486
0,21.548365,0,18.440573,18.370878,18.42378
0,0,0,0,0,0
16.774181,16.47066,16.41075,19.11581,19.193342,19.107826
0,0,0,0,0,0
20.18856,0,0,20.980003,20.960928,20.927324
0,0,0,0,0,0
16.482477,0,16.298994,0,0,0
16.617453,16.86951,16.801973,0,0,0
0,0,0,0,0,0
23.460585,23.478783,23.489431,0,22.820324,22.800806
20.662445,0,0,0,0,18.175755
21.781733,21.826185,21.818382,20.750061,20.73358,20.721085
22.638794,22.66471,22.665838,21.780289,21.7567,21.77058
0,0,0,18.034166,18.15463,18.117262
16.224434,16.189245,0,0,0,0
17.176582,17.26324,0,0,0,15.118211
20.0759,20.116726,20.080114,18.357994,18.38702,18.366611
20.085009,20.083931,20.107286,22.751759,22.75705,22.753933
21.525385,21.536297,21.543274,19.128796,18.937906,19.147243
20.503933,20.513632,20.50834,19.35766,19.33021,0
21.078241,21.130163,21.1104,18.84969,18.799946,18.883686
17.191378,17.305286,17.178188,0,0,0
15.99612,16.08796,16.000572,0,0,0
20.235996,20.245592,20.224894,17.654453,17.470396,17.675606
-18.448818,-18.448818,4.80188,-18.448818,4.697485,-18.448818
-0.10650444,-0.2254734,-0.28024483,-0.565567,-0.6470394,-0.59119797
19.530092,0,0,19.124874,19.12728,19.082783
20.553465,20.622509,20.638226,18.308615,18.290073,0
19.812292,19.889538,19.835749,18.015627,0,17.821674
19.084593,19.053814,19.05037,21.06649,21.081915,21.0834
18.176382,18.226097,18.04121,0,20.588238,20.58092
15.692344,15.562988,15.783919,0,0,0
15.360333,15.51342,15.627904,0,0,0
20.809086,20.843569,20.779192,18.876436,0,0
17.633116,17.572567,17.547165,0,0,0
0,0,0,0,0,0
18.805605,0,18.808867,0,0,20.74067
2.2649345,-18.449806,-18.449806,2.6814098,2.666523,2.6668434
20.438423,20.46115,20.46521,16.984129,17.29252,18.128881
19.078745,19.123943,19.110487,21.794226,21.833895,21.818419
0,16.750431,0,0,0,0
18.315353,18.384235,18.335138,16.252277,16.188665,16.704903
4.603901,4.5904446,-15.346964,-15.346964,-15.346964,-15.346964
17.743816,17.05576,16.98543,0,0,0
21.175688,21.213434,21.188456,19.438063,19.401413,19.405397
20.254814,20.202747,0,0,0,0
18.054583,17.995678,17.994005,0,0,0
0,17.465654,0,20.632542,20.646254,20.610966
0,0,0,0,0,0
0,0,0,0,0,0
0,20.486021,20.494444,0,0,0
0,0,0,17.066982,18.17625,0
0,22.422815,0,22.339647,22.410587,0
0,0,0,0,0,0
19.283642,19.225107,19.315136,13.762175,0,0
0,0,0,18.607038,18.666384,18.496859
0,0,0,0,0,0
19.306814,19.29378,19.260479,17.442457,17.515577,17.585043
20.69069,20.702112,20.706886,0,0,0
0,21.761978,0,0,0,0
20.154963,20.124813,0,0,0,0
19.767796,19.730661,19.722538,0,0,17.994911
0,0,17.370712,0,0,0
20.42609,20.432951,20.386816,17.834255,17.75276,18.003523
15.474372,15.648245,15.707358,0,0,0
20.592932,20.611221,20.613523,18.470758,18.47497,17.54046
16.106993,16.035637,16.169847,0,0,0
0,0,21.054916,18.479296,18.450598,18.461208
19.872608,19.87229,19.871431,21.580929,21.609734,21.612877
17.747807,17.774485,17.77667,21.065947,21.034124,21.06677
16.10427,16.185398,16.109749,0,0,0
0,0,0,0,0,0
16.350143,16.332596,16.212875,19.882956,19.911028,19.902382
0,0,0,18.43316,0,0
0,0,0,0,0,0
0,0,0,21.09889,21.11953,21.107264
20.507084,20.497953,20.528454,18.748585,18.84839,0
15.289551,15.276814,15.30624,0,0,0
17.989052,17.974785,17.960093,20.442812,20.469158,20.468811
19.390232,19.357168,19.328634,17.732836,17.547195,17.515862
20.548206,20.563803,20.552744,18.989544,18.971117,18.841902
14.778231,14.7289295,14.682502,21.772898,21.787392,21.789045
21.251488,21.238802,21.247997,0,19.25389,19.193357
16.21432,16.25899,0,0,0,0
1.5484352,1.6094551,1.5588703,3.4313068,3.4246845,3.4311733
15.762434,15.627762,15.563436,14.921004,14.718104,0
19.038078,19.487326,18.998005,17.880726,0,17.876768
1.59021,1.6235199,1.6035995,2.3980656,2.3782978,2.4230309
16.12503,16.0819,16.068525,19.665716,19.691135,19.69889
19.186146,19.127203,19.175156,0,0,0
16.343342,16.45121,16.426085,21.659271,21.655436,21.663237
17.482927,17.35982,17.492033,0,0,0
20.782396,0,20.784801,19.12218,19.090427,19.047262
0,0,16.788363,0,0,0
0,0,0,0,0,0
18.557972,18.595648,0,20.370825,20.395208,20.366394
19.496357,19.476286,19.4551,21.61082,21.567448,21.598658
17.310099,17.264288,17.326517,0,0,0
0,0,0,17.984919,17.950048,17.97922
16.706022,16.73693,16.660442,0,14.579198,0
15.400646,15.343498,15.249335,0,0,0
15.315787,15.174145,15.223775,21.297596,21.321692,21.313732
19.043522,19.007406,19.021538,0,16.406404,0
16.033165,16.161604,16.271608,0,0,0
0,18.632793,0,0,0,0
19.09759,19.124056,19.08023,17.951654,17.925966,17.940819
17.597818,17.56829,17.628738,15.490695,15.565251,0
20.294277,20.30078,20.281122,0,0,0
14.736561,16.06548,15.837505,0,0,0
17.423674,17.313158,17.305555,19.750149,19.807276,19.794767
20.446634,20.466772,20.499708,18.09415,18.102146,16.853065
-22.08514,-22.08514,-22.08514,-22.08514,-22.08514,-22.08514
0,0,0,0,0,0
16.773668,15.4723425,16.885565,16.633762,16.558584,16.086903
0,0,0,0,0,0
0,19.285192,19.235199,18.756086,18.704144,0
2.4657784,2.5156765,2.4792576,4.4487915,4.432188,4.4412746
0,0,0,0,0,0
19.195044,19.167427,0,0,0,0
18.274223,18.210367,18.279547,20.858015,20.89846,20.872541
0,0,0,0,0,0
18.655724,18.72767,18.737938,0,16.862238,0
0,0,0,0,0,0
16.611645,16.441566,16.506819,20.468966,20.482628,20.467543
19.810242,19.87714,19.829792,16.49312,15.955627,0
15.281206,15.296091,15.011795,0,0,0
17.29575,17.348806,17.286097,20.312078,20.303633,20.291618
0,0,0,0,0,0
0,0,0,0,0,0
15.82697,15.425413,15.530132,18.027323,18.107048,18.021984
0,15.721633,15.615485,0,0,0
0,0,0,0,0,21.007797
18.909225,18.867462,18.897163,0,15.993978,16.933828
17.64508,16.600843,17.609985,17.379742,17.58298,16.366236
20.8166,20.752968,20.823816,19.409367,19.467505,19.433136
17.928963,17.940187,17.971891,18.702267,18.705933,18.734686
16.703821,16.58527,16.637629,20.057184,20.08087,20.036808
0,0,0,0,0,0
20.408604,20.445011,20.46466,18.621283,17.410177,18.494577
0,21.761978,0,0,0,0
19.895634,19.921825,19.926348,0,0,0
19.114426,19.19644,19.185968,17.212914,17.146091,17.14786
19.847712,19.917786,19.91526,0,18.846745,18.843727
21.337837,21.340988,21.358116,20.608618,20.618382,20.6005
19.985598,0,19.961279,18.961311,18.926146,18.89727
20.018307,20.02126,20.014587,0,0,15.34544
19.941467,19.927153,19.90088,0,0,0
4.475931,4.49366,4.504093,4.9713345,-16.91001,4.975832
18.185228,17.972773,0,0,0,0
3.7731724,3.7518559,3.759491,4.083473,4.080868,4.090994
0,17.443632,0,0,0,0
0,0,17.457027,0,0,0
17.406305,15.426331,17.309086,0,0,0
0,0,0,0,0,0
0,0,0,0,0,0
18.690401,18.660532,16.148476,0,0,0
-5.932123,-4.365822,-4.346716,-5.1324215,-5.905572,-5.1850653
14.501277,15.520588,0,0,0,0
0,0,0,0,0,0
15.410153,15.802239,15.015895,17.370117,17.540007,17.453705
15.468402,15.445532,15.426855,0,0,0
15.76914,15.392719,15.540158,18.763733,18.830257,18.764496
0,0,0,0,0,0
0,0,0,19.028967,19.177628,18.997187
20.252913,20.278759,20.271957,18.293566,17.582495,18.15365
20.890234,20.85771,20.842169,21.694653,21.706596,21.688828
0,14.792536,0,0,0,0
0,0,0,0,0,0
0,19.886799,19.878054,17.710968,0,17.671694
18.8116,18.756752,18.76586,0,0,0
0,0,24.17491,22.30221,22.269054,0
0,0,14.674248,0,0,0
16.85843,0,0,18.888268,18.923864,18.85534
0,0,18.971212,0,0,0
17.49952,17.595629,17.58706,0,0,16.335197
19.68845,19.659174,19.7005,0,0,17.667562
0,0,0,0,0,0
0,0,0,0,0,0
0,0,18.34817,18.833168,18.814398,18.865074
14.726964,0,14.344989,0,0,0
19.956615,20.006569,19.973064,18.015808,17.978588,17.979504
0,17.868359,17.749987,20.282593,0,20.28444
0,0,0,0,0,0
0,15.529675,15.120846,0,0,0
-21.477852,-21.477852,-5.97139,-5.412878,-5.7707357,-21.477852
0,0,0,0,0,0
0,0,0,0,0,0
19.883297,19.856438,19.858837,0,16.486553,0
0,0,0,0,0,0
18.621605,18.653069,18.678152,20.692383,20.68463,20.681036
19.705221,19.720745,19.755774,0,0,0
-6.389139,-6.5294466,-6.137124,-6.0701733,-6.3350544,-21.61118
-6.6646023,-6.59274,-6.376914,-6.53444,-6.4591866,-21.538046
16.726337,16.881292,15.686473,0,0,0
0,0,0,0,0,0
-17.32599,-17.32599,-17.32599,-17.32599,-17.32599,-17.32599
15.405241,15.363622,15.429635,18.407707,18.529171,18.547153
19.665567,0,0,0,0,0
0,0,0,0,0,0
18.921257,18.906118,18.82563,19.924456,19.955637,19.982025
18.16095,0,18.177687,20.367023,20.384075,20.349285
0,0,0,19.911148,19.932106,19.927505
20.164873,20.1464,20.157309,18.15821,18.142935,18.104307
-21.219812,-21.219812,-21.219812,-21.219812,-21.219812,-21.219812
0,0,0,0,0,0
0,15.270295,0,19.263115,19.166164,19.219204
0,0,0,0,0,0
0,0,0,0,0,0
0,0,0,20.519005,20.545513,0
-21.409828,-21.409828,-21.409828,-21.409828,-21.409828,-21.409828
0,0,0,0,0,0
18.492205,18.408346,18.367462,0,20.34451,0
0,0,0,0,0,0
16.00187,0,15.30944,20.013332,19.999662,20.015293
18.827467,18.8536,18.89906,21.000866,21.00511,21.010439
0,0,0,0,0,0
0,0,19.468346,17.057907,0,0
18.24188,18.316923,18.198963,0,0,0
0,0,0,15.87944,0,0
17.550514,17.466188,17.698257,19.912178,0,19.913252
0,0,17.724888,0,0,0
17.994652,18.06661,18.016237,0,16.061666,0
0,0,0,0,0,0
0,19.90677,0,0,0,0
0,0,0,0,0,0
0,0,0,0,0,0
0,0,0,18.106537,0,0
0,0,0,0,0,0
0,0,0,0,0,0
0,0,0,0,0,0
0,0,0,0,0,0
0,0,0,0,0,0
16.702147,16.654495,16.695133,18.84747,18.840643,18.828728
0,0,0,20.411282,20.41712,20.40028
0,0,0,0,0,0
0,0,0,0,17.986835,16.909037
0,0,0,0,0,0
0,0,0,0,0,0
0,0,0,0,0,0
18.745861,0,0,21.020115,0,0
0,14.799737,0,0,20.39812,0
16.371199,0,0,14.390908,0,0
0,0,0,0,0,0
24.420147,24.41963,24.28917,23.242382,23.23475,23.08946
0,18.731243,18.726318,19.710562,20.002724,20.015924
17.454828,17.274324,17.40123,14.785146,14.947682,0
19.303995,19.194366,19.232786,0,0,17.549515
0,0,0,0,0,0
15.391579,0,0,17.641495,17.586092,17.663252
0,0,0,0,0,0
17.10059,16.970297,16.866941,0,0,0
0,0,0,0,0,0
15.050147,15.356762,14.883454,18.896133,18.885946,18.832376
25.595036,25.632318,25.635902,24.376629,24.37008,24.37683
0,0,0,19.27236,0,19.23788
0,0,0,17.51943,17.34666,17.730412
0,0,0,17.716316,19.023127,0
0,0,0,0,0,0
0,0,0,0,0,0
0,0,0,0,0,0
18.752771,18.628658,18.744282,0,0,0
15.220001,15.170903,15.101894,19.655722,19.647697,19.620474
0,19.356464,19.305857,17.100355,0,17.219198
19.488655,0,0,0,0,0
0,0,0,0,0,0
17.220274,18.08483,18.303696,19.78116,19.774242,19.773954
19.808016,19.805916,19.76852,17.929651,17.883312,17.77038
0,0,0,20.679285,19.98997,20.641544
14.631234,14.957601,14.698705,17.892803,0,17.858175
0,0,16.940462,17.003584,16.304298,16.193237
18.086256,18.07023,18.061646,0,14.618615,0
0,0,16.587381,0,17.727736,17.61903
19.050983,19.028147,19.01899,19.939112,19.946383,19.943216
19.884357,19.89458,19.841314,0,0,0
0,0,0,0,0,0
0,0,15.205373,0,0,0
0.14487267,-19.999716,0.2104454,0.06687164,0.043136597,-19.999716
19.387869,19.354687,19.354807,20.920511,20.950556,20.941841
17.224567,17.218554,0,15.324638,0,16.555607
0,0,0,0,0,0
0,0,0,17.424536,17.55798,17.542261
17.54418,0,0,0,0,0
0,0,0,0,0,0
16.509018,0,16.068674,0,14.748927,0
0,0,0,0,0,0
18.936108,18.948002,18.973896,0,16.193352,16.214415
0,0,0,0,0,0
0,0,0,0,0,0
0,0,0,0,0,18.197044
0,0,0,0,0,0
0,16.433504,16.4633,0,0,0
-5.987158,-20.619585,-5.704359,-20.619585,-5.4690847,-20.619585
18.829336,18.965,18.847078,0,0,0
16.912374,16.574888,16.82888,20.262684,20.26529,20.243023
1.7321949,1.7413387,1.761406,3.7024803,3.720375,3.7063446
0,0,0,0,0,0
18.329306,18.386347,18.390211,0,16.697605,16.860409
0,0,0,0,0,0
19.090904,0,19.187395,0,0,0
0,0,0,0,0,0
0,14.540794,14.463971,0,0,0
0,0,0,0,0,0
0,18.676157,0,0,0,0
14.70006,14.677389,14.717247,0,0,0
0,0,0,20.552004,20.581736,20.564533
0,0,0,0,0,0
0,0,0,18.434038,18.411156,18.278503
17.11137,17.161417,0,15.650632,0,0
19.076477,19.06918,19.038717,0,0,0
19.67169,19.682425,0,0,0,0
16.999317,0,0,0,0,15.410285
19.993345,19.878086,19.925545,18.071558,0,18.161024
0,0,0,0,0,0
0,0,0,0,0,0
0,0,0,0,0,0
18.001316,0,19.590511,0,0,14.625767
0,0,0,0,0,0
0,14.73365,15.95726,18.61423,18.636246,18.611763
0,0,0,0,20.126513,0
16.450068,16.243824,15.997775,15.690572,16.018223,15.776407
0,0,0,0,0,0
24.546677,24.583681,24.599287,23.5151,23.517227,23.506395
0,0,0,0,0,0
0,0,0,0,0,0
0,0,0,0,0,0
18.858126,18.831423,18.800043,19.90758,19.937294,19.917515
18.13615,18.198713,18.166021,19.922434,19.881832,19.91741
0,0,0,20.492401,20.518414,20.488016
0,0,0,19.984764,0,0
-0.17216492,-0.09586525,-0.13700867,-0.13363838,-0.17495537,-0.17374802
15.735979,15.704039,15.82282,19.298155,19.2948,19.244278
0,0,0,19.35835,19.37483,19.367407
0,0,0,0,0,0
0,0,0,14.603974,0,14.726112
18.779825,18.775206,18.683334,0,16.504942,0
14.387815,14.374292,0,16.362013,16.455954,16.532097
18.398756,18.393307,18.062384,19.940062,19.963755,19.964832
15.48161,0,0,0,0,0
0,0,0,17.3419,0,0
16.202467,16.172174,16.217257,18.538431,18.564346,18.51614
0,0,0,0,0,0
0,0,0,0,15.464865,14.933507
18.526018,19.266512,19.390297,18.868805,18.701008,18.383305
15.014544,0,14.976698,18.578457,18.550787,18.553465
0,0,0,0,0,0
17.06836,17.034466,16.980999,19.441624,19.50418,19.421604
15.4213085,0,15.744072,0,15.252259,0
-17.37233,-17.37233,-17.37233,-17.37233,-17.37233,-17.37233
20.319553,20.375624,20.352331,0,0,0
0,0,0,0,0,0
0,0,20.355457,0,0,17.155302
18.02324,17.584684,0,0,0,0
0,0,0,0,0,0
0,0,0,0,0,0
0,0,0,0,0,0
18.691198,17.009031,17.099264,18.839447,18.886333,18.88371
0,0,0,0,0,0
21.31275,21.287367,21.29939,0,0,0
0,0,0,0,0,0
20.001959,20.033314,20.014421,19.165405,19.135931,19.22134
18.586033,0,18.53209,21.006527,21.01153,20.997917
0,0,0,0,0,0
0,0,0,0,0,0
18.510042,18.52211,18.473816,0,0,0
0,0,0,19.519136,19.55206,19.526817
17.326447,17.35658,17.357328,19.375565,19.349224,19.427183
-21.030165,-21.030165,-21.030165,-21.030165,-21.030165,-21.030165
16.741005,16.198273,0,0,0,0
0,0,0,0,0,0
0,0,0,0,0,0
18.084143,18.09516,18.028116,0,0,0
0,0,0,0,0,0
0,0,0,17.019123,17.031797,17.039755
17.372976,0,17.46516,0,0,0
0,0,0,0,0,0
0,0,0,17.492666,17.407343,17.389858
20.918901,20.910057,20.898542,18.53398,0,18.584967
0,0,0,0,0,0
0,0,0,20.921167,20.893843,20.881792
14.173208,0,0,17.674232,17.691683,17.717073
0,0,0,0,0,0
15.77149,0,16.558271,18.970406,19.248234,18.908237
18.53043,0,18.522224,0,0,0
17.99317,17.90089,17.924772,16.859535,16.345736,16.588509
19.869974,19.865427,19.859592,18.228209,0,0
0,18.596874,0,20.354378,20.39317,20.36097
0,0,0,0,0,0
16.595243,16.62321,16.6378,18.97918,18.983423,19.0066
0,0,0,0,0,0
0,0,0,0,0,0
15.100868,14.5965395,14.779873,0,0,0
0,0,0,0,0,0
0,0,0,0,0,0
14.9361315,16.702322,0,19.2575,19.245943,19.292027
0,0,0,0,17.112175,17.0703
20.631292,20.645918,20.609646,18.80609,18.788763,18.852524
15.150699,15.000616,15.178548,19.538767,19.535984,19.542845
19.500654,19.456533,19.504158,18.463615,18.484604,18.49795
0,0,0,18.831457,18.86615,18.818579
15.458759,15.686883,15.646474,0,0,0
15.570982,15.757729,15.574209,18.578096,18.480656,18.603134
0,0,0,0,0,0
1.7285118,1.8109207,1.8024483,3.6308918,3.6209774,3.6481953
0,0,0,0,0,0
19.248167,19.215351,19.202692,15.660024,15.987441,0
17.95948,18.025763,18.008982,17.23407,0,17.252878
0,0,0,16.842375,0,0
0,0,0,0,0,0
0,0,0,0,0,0
0,0,0,0,0,0
0,0,0,0,0,0
-20.504698,-20.504698,-20.504698,-20.504698,-20.504698,-20.504698
-16.551634,-16.551634,-16.551634,-16.551634,6.2908745,-16.551634
0.114681244,0.19565773,0.16496849,0.27786636,0.22374535,0.10852623
18.84902,18.822945,18.877054,18.138102,18.312649,18.132494
0,0,0,16.651823,17.275934,17.127409
0,0,0,0,0,0
0,0,0,0,0,0
0,0,0,0,0,0
0,0,0,0,0,0
0,0,0,0,0,14.716551
0,0,0,0,0,0
0,0,0,17.999702,18.087265,17.964539
0,0,0,0,0,0
0,0,0,0,0,0
0,0,0,0,0,0
0,0,0,0,0,0
0,0,0,0,0,0
0,0,0,0,0,0
0,0,17.741875,0,0,0
17.532387,17.236109,16.832952,17.744473,17.675632,17.727148
0,0,0,0,0,0
0,0,0,19.459164,19.489727,19.486893
0,0,0,18.059889,18.0689,18.062325
0,0,0,0,0,17.89941
0,0,0,17.259577,17.205145,17.390118
17.486881,0,17.4809,19.179945,19.183578,19.181257
0,15.939051,15.669632,0,0,0
20.066492,19.958567,20.071537,0,0,18.16034
0,0,0,0,0,0
0,0,0,0,0,0
0,0,0,18.487377,18.4344,18.513273
15.413363,15.340511,15.390203,18.522463,18.521643,18.501616
0,0,0,0,0,0
16.703485,16.663641,16.775095,17.416073,17.469078,17.481546
0,0,0,0,0,0
17.724474,16.577503,17.711761,19.311003,19.342108,19.337828
0,0,0,19.878782,19.897915,19.872826
18.58009,18.28805,18.510458,19.369349,19.371437,19.370506
0,0,0,0,0,0
19.753206,19.809116,19.748783,18.796518,18.961922,18.904558
0,0,0,17.298223,0,0
16.851236,16.844816,16.80038,19.50448,19.531342,19.470282
20.529009,20.515985,20.507843,0,18.7199,18.75813
0,0,0,0,0,0
0,0,0,0,0,0
0,0,0,0,0,0
17.636284,17.839401,17.669432,20.689306,20.67773,20.647047
0,0,0,0,0,0
0,0,0,0,0,0
0,0,0,0,0,14.705902
19.919807,19.96345,19.929049,18.318815,18.59431,18.500204
0,0,0,14.835556,14.909425,15.037161
18.565493,18.569025,18.644373,17.418222,17.384354,17.400711
0,0,0,0,0,0
0,0,0,19.273588,19.262592,19.224031
15.640809,0,0,19.008303,19.024145,18.933805
0,0,0,0,0,0
19.114166,19.255375,19.161137,16.43135,0,16.467606
14.663892,0,0,18.078129,18.181036,18.04237
19.289587,19.3138,19.280918,17.185669,15.747249,16.979794
18.87431,18.801777,18.815067,20.269382,20.265516,20.316963
0,0,0,0,0,0
0,0,0,0,0,0
18.459719,18.521915,18.5076,17.392653,17.412321,17.324814
0,0,0,0,0,0
0,0,0,0,0,0
0,0,0,0,0,0
0,0,0,0,0,0
0,0,0,0,0,0
17.29224,17.175676,17.627014,18.023315,17.974918,18.183708
17.285555,17.510765,17.185001,0,0,0
0,0,0,17.316078,17.216017,0
0,0,0,0,0,0
0,0,0,19.219952,19.168926,19.224602
0,0,0,0,0,0
0,0,0,0,0,0
16.300941,16.465073,16.148436,0,15.94256,0
0,0,0,0,0,0
0,0,0,16.039541,16.041744,16.062447
18.90955,18.917135,18.929897,15.860214,16.416204,16.371521
0,0,0,18.246313,18.23406,18.214306
0,0,0,16.378397,16.373035,16.362028
0,0,0,0,0,0
0,0,17.329576,17.320368,0,17.965334
0,0,0,0,0,0
18.334055,18.271248,18.332342,20.455397,20.436789,20.452976
0,0,17.930696,0,0,0
0,0,0,0,0,0
0,0,0,0,0,0
2.6103964,2.556119,2.6269712,4.5286417,4.5094786,4.5652475
14.835705,14.647908,0,17.973938,18.027554,17.925966
0,0,0,0,0,0
17.023613,0,0,0,0,0
14.433259,0,14.239897,0,0,0
0,0,0,0,0,0
0,0,0,0,0,0
15.767667,15.974369,15.768081,18.301859,18.440742,18.23177
0,0,0,0,0,0
0,0,0,0,0,0
0,17.907314,18.200262,0,0,0
18.301174,18.297373,18.287619,19.17706,19.204914,19.200914
0,18.308245,18.31271,15.2629385,0,0
18.172403,18.182558,18.229345,0,19.28666,19.239248
0,0,0,0,0,0
0,0,0,0,0,0
0,0,0,0,0,0
17.883848,17.827696,17.797014,19.24781,19.30671,18.966099
1.0527306,1.1137714,1.025095,3.0753422,3.0999985,3.0982227
18.221817,0,18.25558,15.992584,0,16.007772
0,0,0,0,0,0
2.8801746,2.9848042,2.8966274,3.6901283,3.6887207,3.7016678
0,0,0,0,0,0
0,0,0,0,0,0
0,0,0,0,0,0
0,0,0,0,0,0
0,0,0,0,0,0
-18.988106,-18.988106,-18.988106,-18.988106,-18.988106,-18.988106
0,0,0,17.948584,17.916836,17.936855
0,0,0,0,0,0
19.03832,19.49672,18.257442,17.142197,16.827627,0
0,0,0,0,17.487024,17.66847
0,0,0,15.587045,15.682473,15.576779
16.389229,17.008144,0,19.060532,19.039818,18.966301
0,0,0,0,0,0
17.320368,17.681705,17.3641,0,15.691116,0
18.607912,18.579206,18.534788,18.612822,18.57899,18.555735
0,0,0,17.404734,17.29612,17.420626
0,0,0,0,0,0
19.071978,19.063545,19.042255,0,19.197475,19.15633
0,0,0,0,0,0
16.713345,17.504145,16.475416,17.010626,17.204437,17.48871
0,0,0,17.056723,17.099173,17.044085
0,0,0,0,0,0
0,0,0,0,0,0
15.475638,0,16.766102,0,0,0
0,0,0,0,0,0
19.936205,19.966036,19.962145,16.553764,15.6585455,16.58245
0,0,0,0,0,0
19.677877,19.701603,19.697168,0,0,0
18.435488,0,0,0,0,0
0,17.722574,17.663746,0,15.105008,0
0,0,18.019493,20.165377,20.160908,20.15207
0,0,0,0,0,0
0,0,0,0,13.146091,0
0,0,0,16.821587,16.741888,17.122282
0,17.857756,17.980095,20.165934,20.167582,20.189499
18.079855,18.05581,18.041492,19.344276,19.343348,19.302593
19.852543,0,19.871138,16.41622,16.828844,0
0,0,0,0,0,0
18.416864,18.44214,17.67915,18.929224,0,18.82844
0,0,0,16.706442,0,0
19.562656,19.537308,19.540985,19.061235,19.064592,19.041494
0,0,0,0,0,0
18.319735,18.39499,18.35523,18.850061,0,18.4556
0,0,18.372427,0,0,0
0,0,0,0,0,0
0,0,0,15.999472,16.054073,15.918513
0,0,0,17.575872,0,0
16.803375,16.71848,16.431025,16.750092,15.97996,0
16.067896,15.543515,0,0,0,0
0,0,0,0,0,0
0,0,0,0,0,0
0,0,0,18.579409,18.578417,18.545435
19.453707,19.459593,19.4471,18.768381,18.775333,18.789219
18.844366,18.94874,18.855068,15.286377,16.895279,16.83033
17.94533,17.746658,18.076904,18.820381,18.848608,18.83315
17.190096,18.589596,18.610985,19.798323,19.79618,19.791128
0,0,0,0,0,0
0,0,0,0,0,0
0,0,0,0,0,0
0,0,0,0,0,0
17.346851,16.308535,17.289091,0,0,0
17.301996,16.975266,0,19.016836,18.981031,19.03494
0,0,0,18.835772,0,0
0,0,0,0,0,0
-17.936155,-17.936155,-17.936155,-17.936155,-17.936155,-17.936155
0,0,0,0,0,0
0,0,0,0,0,0
16.129524,17.027117,16.992517,18.906963,18.92448,18.918991
0,0,0,0,18.49571,0
0,0,0,0,0,0
-19.701832,-19.701832,-19.701832,-19.701832,-19.701832,-19.701832
0,0,0,0,0,0
17.709105,16.369938,17.673523,18.905994,18.862494,18.882435
0,0,0,0,0,0
0,0,0,17.817778,17.78872,17.817833
0,0,0,0,0,0
0,0,0,0,0,0
15.928912,15.734736,15.880659,17.99902,17.9734,17.993242
0,0,0,0,0,0
0,0,0,17.128447,17.584177,17.465073
19.684135,19.698494,19.722462,17.056639,17.282347,17.13625
0,0,0,18.839756,0,0
0,0,0,0,0,0
17.881264,17.866005,17.857775,18.770912,18.736084,18.742832
0,17.506819,0,20.278217,20.304382,20.254364
0,0,0,0,0,0
0,0,0,0,0,0
0,0,0,18.936607,18.968298,18.939575
19.1372,19.104383,19.152498,18.278822,18.30541,18.205196
0,0,0,0,0,0
20.56049,20.574917,20.54362,19.108578,19.1028,19.128813
0,0,0,0,0,0
0,0,0,0,0,0
-19.720379,-19.720379,-19.720379,-19.720379,-19.720379,-19.720379
0,0,0,0,0,0
19.740648,19.804976,19.851065,0,0,0
0,0,0,0,0,0
15.43365,15.355592,15.181308,16.315575,16.38492,16.479559
0,0,0,0,0,0
0,0,0,0,0,0
0,0,0,0,0,0
0,0,0,0,0,0
0,0,0,0,0,0
18.830332,18.841515,18.728867,16.29383,16.260387,0
0,0,0,0,0,0
0,0,0,0,0,0
0,0,0,0,0,0
15.303887,15.333261,0,17.712957,17.705322,17.743626
15.948688,15.981344,15.828955,15.555997,15.55351,15.745728
0,0,0,0,0,0
14.827938,0,0,17.44436,17.40017,17.3797
0,0,0,0,0,0
17.824574,17.868334,17.88149,18.806644,18.813925,18.859077
18.182875,17.571146,18.02164,0,0,0
0,0,0,0,0,0
0,0,14.874501,0,0,0
0,0,0,0,0,0
0,0,0,17.334797,17.365135,17.31744
0,0,0,0,0,0
0,0,0,18.242352,18.28061,18.078922
0,0,0,0,0,0
18.654713,0,0,0,0,0
14.654748,14.793298,15.083105,19.052238,19.00047,18.983315
0,0,0,0,0,0
0,0,0,0,0,0
0,0,0,0,0,0
0,0,0,16.917873,19.013435,18.993486
0,0,0,0,0,0
0,16.387379,0,17.25909,17.47415,17.341797
0,0,0,0,0,16.039862
15.757417,15.668055,15.765415,0,0,0
0,0,0,0,0,0
0,0,17.278267,0,0,0
0,0,0,0,0,0
20.41454,20.422144,20.405092,18.9796,18.971209,18.889404
0,16.275343,16.74793,18.74876,18.69858,18.75501
-0.27120018,-0.22789574,-0.2661438,-0.22424889,-0.23771095,-0.2960472
0,0,0,0,0,0
0,0,0,0,19.535437,0
0,0,0,17.143393,17.154945,17.176641
18.571308,0,17.361225,19.301317,19.319307,19.324697
-18.460772,0.32453346,-18.460772,-0.09997177,-18.460772,-18.460772
0,0,0,17.306782,17.24494,17.287874
0,0,0,0,0,0
-19.385483,-19.385483,-19.385483,-19.385483,-19.385483,-19.385483
0.114564896,0.0569973,0.115039825,0.013948441,0.060123444,0.001319885
17.414726,17.650442,17.555773,17.794067,17.731943,17.832142
17.440763,0,0,18.869617,18.925877,18.801767
0,0,0,0,0,0
0,0,0,0,0,0
0,0,19.207935,19.428616,19.444765,0
0,0,0,17.722454,17.680958,17.700413
20.521744,20.546528,20.53039,18.817657,18.82046,18.76914
0,0,0,0,0,0
0,0,0,18.492357,18.419561,18.280798
-19.560207,-19.560207,-4.6727495,-4.668993,-4.771591,-4.765792
0,0,0,0,0,0
0,0,17.371044,20.236143,20.231699,20.224548
0,0,0,17.715633,17.704342,17.657717
17.528347,17.47627,17.415016,18.77939,18.73764,18.776215
0,16.207891,15.905152,0,0,0
18.095499,0,0,0,0,0
0,16.351301,0,0,19.597334,0
0,0,0,17.035723,17.04838,17.074121
19.503477,0,19.463692,0,0,0
18.969946,0,18.867357,16.953344,16.821987,0
0,0,0,17.461424,16.814482,0
0,0,0,0,0,0
0,0,0,0,0,0
0,0,0,18.755556,18.78612,18.785597
-19.237259,-19.237259,-19.237259,-19.237259,-19.237259,-19.237259
0,0,0,18.603796,18.611382,18.644667
0,0,0,0,0,0
17.8875,17.91441,17.881788,0,0,0
-19.222773,-19.222773,-19.222773,-19.222773,-19.222773,-19.222773
-19.090727,-19.090727,-19.090727,-4.7216063,-19.090727,-19.090727
0,0,0,16.191116,0,15.244029
0,0,0,15.931061,15.634556,15.842743
0.010957718,-0.16777611,-18.182472,-18.182472,-18.182472,0.040153503
0,0,0,0,0,0
0,0,0,0,0,0
0,0,0,17.121614,17.12393,17.086002
0,0,0,0,0,0
0,0,0,0,0,0
-18.731339,0.13899612,0.15292168,0.115320206,0.09730339,0.13269424
0,0,0,18.735317,0,0
17.793032,17.958399,17.875467,18.588228,18.55001,18.559866
0,0,0,0,0,0
0,0,0,16.705456,16.55486,16.579905
0,18.424026,18.507318,18.580252,0,18.634956
17.528316,17.294163,17.345873,18.861828,18.91472,18.871641
0,0,0,18.211594,18.065784,18.100899
0,0,0,0,0,0
-16.777256,-16.777256,-16.777256,-16.777256,-16.777256,-16.777256
20.683207,20.703978,20.694134,18.529816,18.514599,18.577957
0,0,0,0,0,0
0,0,0,0,0,0
0,0,0,0,0,0
18.02421,18.062057,18.09748,18.86825,18.854506,18.85476
18.639894,18.744736,18.706774,0,0,0
17.693583,17.826014,17.677156,19.704062,19.659468,19.725761
17.956081,17.898478,17.954967,0,0,0
0,14.245107,0,15.932676,0,0
0,0,0,0,0,0
14.568016,14.901244,14.965874,0,0,0
17.087204,17.069807,16.959888,18.413797,18.442348,18.162186
0,0,0,0,0,0
0,0,0,0,0,0
-0.15984917,0.27760887,0.10803604,0.05458641,0.08679199,0.09104538
0,0,0,16.143661,17.66328,16.47377
-0.067840576,0.054546356,-0.020896912,0.10085678,0.021795273,-18.559866
0,0,0,15.127672,15.023884,15.395568
0,0,0,18.857492,18.82887,0
0,0,0,0,0,0
18.77855,17.615414,0,18.83485,18.85809,18.820911
0,0,0,18.797089,18.77424,0
16.055113,16.169416,16.109423,18.236425,18.4623,0
0,0,0,0,0,0
0,0,0,15.311003,15.387209,15.305135
17.408438,0,16.95887,17.142954,0,0
0,0,0,0,0,0
0,0,0,18.209305,18.204075,18.008373
0,0,0,0,0,0
0,0,0,18.156424,18.167992,0
0,0,0,0,0,0
0,0,0,0,0,15.13053
14.984107,0,0,0,0,0
0,0,0,0,0,0
18.929636,17.765913,17.781935,0,0,0
0,0,0,0,0,0
0,0,0,0,0,0
0,0,0,0,0,0
0,0,0,0,0,0
0,0,0,19.196314,19.231857,19.172762
19.238857,19.316816,19.254194,17.410053,16.043112,17.447447
0,0,0,0,0,0
-19.630507,-19.630507,-19.630507,-19.630507,-19.630507,-19.630507
0,0,0,0,0,0
0,0,0,0,14.540975,0
0,0,0,0,0,0
0,0,0,18.036856,17.274696,0
0,0,0,19.184599,0,0
19.556118,19.601,19.575897,17.214281,0,0
21.133926,21.16995,21.158314,0,0,0
0,0,0,0,0,0
3.955061,4.0528946,4.046238,2.9261303,-14.815283,2.8787003
0,0,0,0,0,0
0,0,0,0,0,0
0,0,0,0,0,0
0,0,0,0,0,0
0,0,0,0,0,0
0,0,0,0,0,0
0,0,0,16.755722,0,16.657095
0,0,0,16.575819,16.762655,16.660538
0,0,0,0,0,0
0.15834999,-0.032384872,-18.856886,-18.856886,-0.10119057,0.037345886
0,0,0,0,0,0
0,0,0,18.395027,18.395514,18.416761
0,0,0,19.754948,19.99837,0
0,0,0,0,0,0
0,0,0,0,0,0
0,0,0,0,0,0
0,0,0,18.528461,18.528145,18.517065
15.588217,16.696844,0,18.07376,16.54516,18.090914
0,0,0,0,0,0
0,0,0,0,0,0
19.34095,19.344341,19.328333,0,0,0
0,0,0,0,0,0
14.2382555,14.562779,14.508352,16.421736,16.105867,16.258106
0,0,0,17.148308,0,17.158737
16.447487,16.524618,16.612753,15.025183,15.002596,14.835606
0,0,0,0,0,0
18.74633,18.759972,18.76554,15.042002,16.373562,15.230509
0,0,0,0,0,0
0,15.288181,0,17.668718,0,0
16.22034,16.176193,16.265633,18.097143,18.14321,18.137291
0,0,0,0,16.309637,0
0,0,0,0,0,0
0,0,0,0,0,0
0,17.865969,0,17.459784,17.96978,0
0,0,0,0,0,0
0,0,0,18.788591,18.809835,18.81605
0,0,0,14.799635,14.931938,14.829822
16.325832,0,0,18.572327,18.591091,0
-0.39363098,-0.25600815,-0.37797928,1.6358128,1.6121464,1.6667976
17.282518,17.37728,17.306622,15.180841,0,15.271537
0,0,0,0,0,18.68673
0,0,0,0,0,0
0,0,0,0,0,0
0,16.202276,0,17.950499,17.905075,17.865631
0,0,15.164397,0,17.396723,0
-19.194849,-19.194849,-19.194849,-19.194849,-19.194849,-19.194849
0,0,0,0,0,0
0,0,0,0,17.672258,16.128336
0,0,0,0,18.229927,17.572292
0,0,0,0,0,0
0,0,0,18.809994,18.850636,18.815952
15.3917465,15.759316,15.291963,15.96531,16.038383,16.23734
0,0,0,0,0,0
0,0,0,0,0,0
0,0,0,0,0,0
0,0,0,0,0,0
15.028684,15.051379,14.596714,17.980715,17.962353,17.995007
18.379261,18.424026,18.516273,0,0,0
0,0,0,0,0,0
0,0,0,18.019602,18.04441,17.765123
0,0,0,0,0,17.161762
0,0,0,17.174232,17.13579,17.263893
15.068149,0,14.817833,17.39068,17.561333,17.559286
20.457169,20.467299,20.489353,19.718966,19.710413,19.693722
0,0,0,0,0,0
0,0,0,0,0,0
0,0,0,16.92169,16.890287,16.875185
0,0,0,0,0,0
-19.09733,-19.09733,-19.09733,-19.09733,-19.09733,-19.09733
0,0,0,0,0,0
0,0,0,0,0,0
17.80335,17.76684,17.695908,17.792416,17.777481,17.764217
0,0,0,17.701725,17.626785,17.635986
0,0,0,0,0,0
16.955343,0,0,0,18.137646,0
0,0,0,0,0,0
0,0,0,17.131214,17.182161,17.117188
0,0,0,0,0,0
0,0,0,14.924116,15.270624,15.019721
0,0,0,0,0,0
0,0,0,0,0,0
14.967092,15.043199,0,0,14.425151,14.331198
0,0,0,0,0,0
0,0,0,15.759005,0,15.801456
0,0,0,0,0,0
16.243267,16.766191,16.7457,17.74361,17.777655,17.799427
16.54831,16.255638,16.256523,17.188154,17.188898,17.08853
19.046942,19.054398,19.042131,17.700745,17.642475,17.71305
0,0,0,0,0,0
0,0,0,0,0,0
0,0,0,0,0,0
0,0,0,17.723507,0,17.779245
0,0,0,18.584545,18.002392,17.973265
0,0,0,0,0,0
18.326689,18.306707,18.279451,18.229227,18.222677,18.223743
0,0,0,0,0,0
17.01113,17.04352,15.852871,0,0,0
0,0,0,14.840827,0,0
0,17.93266,0,18.299633,18.250725,18.337303
0,0,0,0,0,0
16.715479,16.69256,16.735212,18.14426,18.144016,18.172188
0,0,0,0,0,0
15.999648,16.04659,16.022476,0,0,0
0,0,0,16.269766,16.197811,16.327412
0,0,0,16.824934,16.832766,16.82692
0,0,0,0,0,0
18.346855,17.874933,0,18.086903,18.504292,18.25034
0,15.22517,0,0,17.87203,17.791983
0,0,0,0,0,0
0,16.518253,0,0,0,0
18.721853,18.80977,18.742601,17.329147,17.437353,17.437769
0,0,0,0,0,0
0,0,0,0,0,0
-17.039402,-17.039402,-17.039402,-17.039402,-17.039402,-17.039402
0,0,0,17.920206,0,0
0,0,0,0,0,0
-0.07862282,0.054546356,-0.020896912,0.10085678,0.021795273,0.34631157
0,0,0,0,0,0
0,0,0,0,0,0
0,0,0,17.35381,17.30338,17.190298
18.86192,18.871273,18.817392,16.280027,15.118535,15.218374
0,0,0,0,0,0
0,0,0,0,0,0
0,0,0,0,0,0
-19.482744,-19.482744,-19.482744,-19.482744,-19.482744,-19.482744
0,0,0,0,0,0
0,15.487118,15.5854025,17.78528,0,18.003769
0,0,0,15.734365,15.762226,15.498662
0,0,0,0,0,0
0,0,0,0,0,0
-19.010435,-19.010435,-19.010435,-19.010435,-19.010435,-19.010435
-18.55636,-18.55636,-18.55636,-18.55636,-18.55636,-18.55636
0,0,0,0,0,0
0,0,0,0,0,0
0,0,0,17.562511,17.570152,17.67893
0,0,0,16.919607,0,16.9988
15.926575,15.856085,15.914641,15.44621,15.471199,16.064596
0,0,0,0,0,0
0,0,0,0,0,0
0,0,0,17.01139,17.08267,17.107075
15.848697,15.964228,15.977883,18.015894,18.00043,18.023413
0,17.43436,16.692846,0,17.589878,17.520504
0,0,0,0,0,0
0,0,0,0,15.48991,15.48347
0,0,0,0,0,0
0,0,0,0,0,0
0,0,0,0,0,0
0,17.868359,17.779425,20.282824,20.29165,20.275047
0,0,0,0,0,0
-18.699173,-18.699173,-18.699173,-18.699173,-18.699173,-18.699173
0,0,0,16.370516,16.243341,0
0,0,0,16.119387,0,16.213484
0,0,0,0,0,0
19.04227,19.064005,19.076468,15.405607,0,16.493935
0,0,0,0,0,0
0,16.433357,15.834521,18.406292,18.313883,18.363659
0,0,0,0,0,0
0,0,0,0,0,0
0,0,0,0,0,0
0,0,0,0,0,0
0,0,0,0,0,0
17.852943,0,0,17.812479,18.21031,18.055262
0,0,0,0,0,0
0,0,0,0,0,0
0,0,0,14.960861,15.13053,14.865008
0,0,0,17.086042,17.64908,16.62678
0,0,0,0,0,0
16.851236,16.775276,16.730032,19.504593,19.49606,19.470282
0,0,0,0,0,0
14.766684,14.858662,14.801102,17.148853,17.06712,17.118322
0,0,0,16.324831,16.38095,0
0,0,0,0,0,0
17.592113,17.6186,0,0,0,0
16.48784,16.373663,0,18.152554,18.196127,0
0,0,0,0,0,0
0,0,0,0,0,0
14.550746,14.568016,14.626907,17.001133,17.510902,17.037954
0,0,0,0,0,0
0,0,0,0,0,0
0,0,0,18.449839,18.36768,18.014685
18.155985,17.830868,0,0,17.890675,0
15.668664,15.789814,15.747379,0,0,0
0,0,0,14.373478,14.373273,14.163729
0,0,0,16.269054,14.753112,16.24416
0,0,0,17.94682,17.933489,18.013514
0,0,0,0,0,19.550547
0,0,0,0,0,0
0,0,0,0,0,0
15.054859,0,15.037719,17.484383,17.510649,17.316343
17.285538,17.280725,17.283524,0,0,0
0,0,0,0,0,0
0,0,0,0,0,0
0,0,0,0,0,0
15.914969,0,16.316599,0,0,16.65332
0,0,0,0,0,0
16.778616,16.962727,16.930172,19.23546,19.198187,19.241222
0.07113457,0.24802208,0.20408821,-17.697632,-17.697632,-17.697632
0,0,0,0,0,0
0,0,0,0,14.000088,0
0,0,0,0,0,0
0,0,0,17.22403,17.235043,17.272238
16.966257,0,0,17.983595,17.945822,17.942114
0,0,0,0,0,0
14.384717,0,0,15.967857,15.931061,15.870629
16.767925,16.323195,0,18.681349,18.66829,18.69382
0,0,0,0,15.207243,0
0,0,0,18.946186,19.011711,19.053701
16.416847,16.510332,16.511814,16.612768,16.697062,16.820902
0,0,0,0,17.61356,17.679796
0,0,0,0,0,0
0,0,0,0,0,0
17.519466,17.39653,0,0,17.564856,0
0,0,0,0,0,0
0,0,0,0,0,0
0,0,0,0,0,0
0,0,0,0,0,0
0,0,0,16.044544,0,0
0,0,0,0,0,18.094124
0,0,0,0,0,0
0,15.415049,15.621651,17.864555,17.8231,17.854557
0,0,0,0,0,0
0.08777428,0.059648514,0.027154922,-0.008359909,0.08431053,-0.10467911
0,0,0,0,0,0
0,0,0,0,0,0
0,0,0,0,0,0
0,0,0,15.044138,15.068779,15.162549
-18.27297,-18.27297,-18.27297,-18.27297,-18.27297,-18.27297
0,0,0,0,0,0
0,0,0,0,0,0
0,0,0,0,0,0
0,0,0,0,17.622246,0
0,0,0,0,0,0
0,0,0,0,0,16.49958
0,0,0,16.306614,0,15.960589
0,0,0,16.254179,16.300299,0
0,0,0,16.879656,17.09249,17.077806
0,0,0,0,0,0
0,0,0,15.854795,16.560108,16.468847
0,0,0,0,0,0
0,14.477188,0,0,0,0
0,0,0,0,18.68885,18.819605
0,0,0,0,0,0
0,0,0,0,0,0
0,0,0,0,0,0
18.555563,18.638754,18.6846,15.070331,16.575953,16.652536
0,0,0,0,0,0
0,0,0,0,0,0
0,0,0,0,0,0
0,0,0,0,0,0
0,0,0,16.517715,16.450357,16.385122
18.716381,18.680857,18.78497,17.284353,0,17.411428
0,0,0,0,0,0
-19.770344,-19.770344,-19.770344,-19.770344,-19.770344,-19.770344
0,0,0,0,0,0
0,0,0,0,0,0
15.16585,15.439863,15.3056345,16.771555,17.429546,17.504044
0,0,0,0,0,0
-19.6196,-19.6196,-19.6196,-19.6196,-19.6196,-19.6196
17.06968,17.081089,17.034433,17.970793,17.931072,17.99166
-17.88794,0.21220398,0.3983612,-0.045410156,-0.004270554,0.013210297
0,0,0,0,0,0
15.077775,14.885601,14.958824,16.584303,16.602858,16.737036
0,0,0,17.296682,16.572197,16.240475
0,0,0,17.31864,17.32893,17.376099
0,0,0,0,0,0
0,0,0,0,0,0
0,14.900679,0,17.50402,17.336506,17.525843
16.305082,0,16.745018,18.084938,17.995237,0
16.572182,16.901243,16.594748,18.212847,18.145222,18.225988
15.216745,0,0,0,0,0
0,0,0,18.434555,18.36001,18.472496
0,0,0,0,0,14.690434
0,0,0,0,0,0
0,0,0,0,0,0
0,0,0,0,0,0
0,0,17.001904,18.802399,18.823942,0
0,0,0,16.726177,16.304655,17.157969
0,0,0,0,0,0
0,0,0,16.312332,16.338457,16.25761
0,18.886063,18.92972,16.115063,16.259432,0
0,0,0,17.804314,17.81444,17.792871
14.785758,14.329025,0,15.372423,15.258861,15.402179
0,0,0,16.993248,16.114088,16.304333
0,0,0,0,0,0
0,0,0,16.38173,18.627003,18.33635
0,0,0,0,0,0
16.241257,16.20749,16.12311,17.77588,17.845833,17.741764
-18.340866,-18.340866,-18.340866,-18.340866,-18.340866,-18.340866
0,0,0,0,0,0
0,0,0,0,0,0
0,0,0,0,0,0
0,0,0,16.475592,16.59476,16.586311
0,0,0,0,0,0
0,0,0,0,17.193064,17.263012
0,0,0,15.08514,15.050273,15.020937
18.122463,18.24062,0,18.294893,18.56842,18.36867
0,0,0,0,0,0
0,0,0,0,16.11415,16.060083
0,0,0,16.940165,16.9245,16.890514
0,0,0,0,17.356796,16.68401
16.389463,16.170708,16.058794,17.93712,17.933943,17.975798
0,0,0,0,0,0
0,0,0,17.031507,17.452305,17.396345
0,0,0,16.008669,16.218374,0
0,0,0,0,0,0
0,0,0,18.33384,18.322641,18.344646
0,0,0,0,15.076148,0
0,0,0,0,0,0
0,0,0,0,0,0
0,0,0,0,0,0
0,0,0,0,0,0
0,0,0,0,0,0
0,0,0,16.103882,15.92479,16.12616
15.449987,15.488624,15.452017,17.183935,17.902792,17.883526
0,0,0,0,0,0
-14.933784,-14.933784,6.093322,4.952424,5.370261,5.023387
0,0,0,0,0,0
16.919666,16.229494,16.133322,0,0,0
0,0,0,0,0,0
0,0,0,0,15.60264,15.139631
0,0,0,0,0,0
0,14.506555,0,15.146808,15.517884,0
0,0,0,0,0,0
14.231372,0,0,16.22304,16.109484,16.01922
0,0,0,0,0,0
0,0,0,0,0,0
0,0,0,0,0,14.321858
0,0,0,0,0,0
0,0,0,0,15.139711,0
0,0,14.866747,17.295275,17.262508,17.288101
17.344305,17.193804,17.077505,17.856468,17.823977,17.81807
0,0,0,0,0,0
0,0,0,17.475574,15.567629,15.661194
0,0,0,0,0,0
19.640789,19.649523,19.596807,16.348104,17.316618,17.27617
-18.294935,-18.294935,-18.294935,-18.294935,-18.294935,-18.294935
-17.985659,-17.985659,-17.985659,-17.985659,-17.985659,-17.985659
-17.241667,-17.241667,-0.10728073,0.017745972,-17.241667,-17.241667
21.33752,21.345346,21.354347,20.664646,20.61095,20.600508
0,0,0,0,0,0
0,0,0,0,0,0
0,0,0,0,0,0
0,0,0,17.578918,17.589827,16.996628
0,0,0,0,0,0
0,0,0,0,0,0
16.920038,17.761267,17.61667,16.53526,16.975243,0
0,0,0,0,0,0
16.693228,16.906197,16.773151,18.878159,18.975964,18.893976
0,0,0,0,0,0
16.644701,0,16.39463,17.001959,17.038414,16.923096
0,0,0,0,0,0
0,14.694738,0,15.238441,15.382219,15.246518
15.190249,15.23971,15.043199,17.561079,17.57401,17.581297
16.49251,15.973474,16.712944,17.804836,17.81044,17.9198
0,0,0,0,0,0
0,0,0,16.155273,16.122808,15.695636
0,0,0,0,0,0
0,0,0,15.260294,15.091641,15.013104
0,0,0,0,0,0
0,0,0,0,0,0
0,0,0,0,0,0
0,0,0,0,0,0
0,0,0,16.704214,16.674675,16.650434
0,20.399824,20.369593,17.702612,0,0
-16.911203,-16.911203,-16.911203,-16.911203,-16.911203,-16.911203
16.13583,16.96969,16.036688,16.743258,17.381426,17.161358
0,0,0,0,0,0
-17.960121,-17.960121,-17.960121,-17.960121,-17.960121,-17.960121
0,0,0,17.800217,17.84049,17.857836
0,0,0,15.967181,16.696642,0
0,0,0,0,0,0
0,0,0,16.022694,15.98034,16.400396
0,0,0,0,0,0
0,0,0,16.477394,16.507484,16.541323
0,16.332928,0,16.848219,17.255896,17.196266
0,0,0,17.438011,17.61647,17.509628
15.310613,15.482178,15.404343,17.46856,17.5252,17.498648
0,0,16.702957,0,16.70802,16.541111
0,0,0,0,0,0
17.324366,17.320757,17.295122,0,0,0
0,0,0,16.764572,16.817171,16.85945
0,16.69346,16.771837,0,0,0
0,0,0,0,0,0
0,0,0,17.767189,17.85772,17.887589
0,0,16.957804,17.53419,0,15.464929
0,0,0,17.553637,17.437231,17.434366
0,0,0,0,0,0
0,0,0,14.5923395,14.65877,14.844167
15.761317,0,0,16.19858,16.201185,16.119793
0,0,0,0,0,0
0,0,0,16.506525,16.072866,16.327675
0,0,0,14.660998,14.674634,14.808411
0,0,0,15.824287,15.88429,15.668636
0,15.122302,15.020762,17.49891,17.502972,17.553862
15.753399,15.332525,0,16.621336,16.913849,0
0,0,0,17.661005,17.674227,17.678083
0,0,0,0,0,0
0,0,0,15.30809,16.301569,15.806071
0,0,0,0,0,0
0,0,0,0,0,0
0,0,0,0,0,0
16.365965,17.21356,17.235846,16.493559,16.353767,17.558847
0,0,0,0,0,0
0,0,0,0,0,0
0,0,0,0,0,0
0,0,0,0,0,0
0,0,0,0,0,0
0,0,0,16.641924,0,16.43624
-18.180988,-18.180988,-18.180988,-18.180988,-18.180988,-18.180988
0,0,0,15.078318,14.9732485,15.135949
-18.344374,-18.344374,-18.344374,-18.344374,-18.344374,-18.344374
0,0,0,17.574469,0,17.507027
15.405274,0,0,0,0,15.821674
0,0,0,0,0,0
0,0,0,14.480537,14.913545,14.520372
0,0,0,15.800571,15.853579,0
15.626764,15.592253,15.3170595,17.00972,17.069891,17.08852
0,0,0,17.713589,17.551603,17.640978
0,0,0,16.494871,16.57647,16.492699
0,0,0,15.026739,15.244549,15.667334
0,0,0,0,0,0
0,0,0,0,0,0
0,0,0,0,0,0
-17.960308,-17.960308,-17.960308,-17.960308,-17.960308,-17.960308
0,0,0,0,0,0
0,0,0,0,0,0
0,0,0,0,0,0
15.724567,15.588451,0,16.26459,16.457605,16.341415
0,0,0,16.731346,16.717796,16.712502
0,14.716927,14.802465,16.544693,16.59177,16.99422
0,0,0,0,0,0
0,0,0,0,0,0
0,0,0,0,0,0
0,0,0,0,0,0
0,0,0,0,0,0
14.725472,14.906702,0,0,16.427773,16.74469
0,0,0,0,0,0
0,0,0,17.777885,17.720825,17.104465
0,15.333224,15.383535,17.54928,17.218231,0
0,0,0,15.578342,15.861716,16.956001
0,0,0,0,0,0
0,0,0,0,0,0
0,0,0,0,0,0
0,0,0,0,0,0
0,0,0,15.266604,0,14.940084
0,0,0,17.206709,17.203674,17.210642
0,0,0,0,0,0
0,0,0,14.755409,0,14.759368
0,0,0,17.910841,17.954634,17.863842
0,0,0,0,0,0
0,0,0,0,0,0
0,0,0,0,0,0
0,0,0,15.912795,15.786117,15.892519
0,0,0,17.747387,16.939796,16.910513
0,0,0,0,0,0
0,0,0,0,0,0
0,0,0,0,0,0
0,0,0,0,0,0
0,0,0,15.933482,15.908392,15.742151
0,0,0,0,0,0
0,0,0,15.251224,14.966236,0
0,0,0,0,0,0
0,0,0,0,0,0
0,0,0,16.923988,17.215912,16.757769
15.708653,15.489283,16.000858,17.31841,15.5339985,15.516685
0,0,0,14.885553,15.331967,15.705471
-17.816982,-17.816982,-17.816982,-17.816982,-17.816982,-17.816982
0,0,0,0,0,0
0,0,0,0,0,0
0,0,0,0,0,0
0,0,0,15.420519,15.452306,15.4781685
0,0,0,0,0,0
0,0,0,16.067034,15.870076,16.071987
0,0,0,0,0,0
0,0,0,16.553434,14.482744,0
0,0,0,15.39463,15.668192,0
0,0,0,15.667748,15.688441,15.748062
0,0,0,0,0,0
-17.843842,-17.843842,-17.843842,-17.843842,-17.843842,-17.843842
0,0,0,0,0,0
18.015615,17.665495,0,0,19.206133,0
0,0,0,14.964521,14.949735,14.851651
0,0,0,0,0,0
0,0,0,0,0,0
0,0,0,0,0,15.263196
0,0,0,0,0,0
0,0,0,0,0,0
0,15.910244,0,0,0,0
18.395075,18.45047,18.46364,16.8766,16.807367,17.013367
0,0,0,16.06057,16.24187,16.003496
0,0,0,14.226262,14.2947645,14.26993
0,0,0,0,0,0
0,0,0,0,0,0
0,0,0,16.829649,16.66621,16.436615
0,0,0,14.455712,14.513419,14.460009
15.149468,15.869281,14.903553,17.654385,17.705788,16.948208
0,0,0,15.799661,15.272631,16.500406
0,0,0,0,0,0
0,0,0,0,0,0
0,0,0,0,0,0
0,0,0,0,0,0
14.9421015,15.164317,15.349524,17.078213,17.099728,17.063953
0,0,0,0,0,0
0,0,0,17.198465,17.15057,17.13246
0,0,0,15.522826,15.4886875,15.393524
0,0,0,0,0,0
0,0,0,0,0,0
0,0,0,0,0,0
0,0,0,0,0,0
14.18348,17.148338,17.09158,15.965739,16.001232,15.489817
0,0,0,15.153315,15.263892,15.148039
-16.643885,0.28002357,0.2064724,0.2267685,-0.0996151,-16.643885
0,0,0,14.772263,14.682337,14.606521
0,0,0,0,0,0
0,0,0,0,0,0
0,0,0,0,0,0
0,0,0,0,0,0
20.27467,20.285847,20.257269,0,0,0
0,0,0,0,14.288217,14.259154
0,0,0,0,0,0
0,0,0,0,0,0
0,0,0,0,0,0
0,0,0,0,0,0
14.894012,15.026524,14.659438,17.667818,0,17.711733
17.726843,17.793953,17.738989,0,0,0
15.113173,15.199175,0,16.589664,0,0
0,0,0,18.09023,0,0
0,0,0,17.01044,16.992718,17.044117
0,0,0,14.265395,14.320025,0
0,0,0,16.486284,16.515963,16.528912
0,0,0,0,0,0
0,0,0,0,0,0
16.350956,0,0,15.954174,17.177683,16.909143
0,0,0,16.825716,16.849297,16.916952
0,0,0,16.449745,16.044308,0
0,0,0,0,0,0
0,0,0,0,16.639877,16.600769
0,0,0,15.705308,15.841982,15.677224
0,0,0,0,0,0
0,0,0,0,0,0
0,0,0,0,0,0
0,15.8278885,0,0,0,0
0,0,0,0,0,0
0,0,0,16.811274,17.068947,16.82379
15.99559,15.694631,15.845049,15.7805395,15.505346,15.74507
0,0,0,0,0,0
0,0,0,15.677802,0,15.631006
0,0,0,0,0,0
0,0,0,0,0,0
0,0,15.088373,14.9955015,15.196102,0
0,0,0,16.246592,16.322632,16.285004
15.033595,15.123191,0,0,15.853431,16.005514
0,0,0,0,0,0
0,0,0,16.048061,16.03209,15.89323
0,0,0,17.685139,17.728252,17.723135
0,0,0,0,0,0
0,0,0,0,0,0
0,0,0,16.118454,16.31047,15.971499
0,0,0,0,15.995258,14.944025
0,0,0,0,0,0
0,0,0,0,0,0
15.207358,15.80234,15.088208,17.448399,17.307993,17.22941
0,0,0,0,0,0
0,0,0,16.939178,17.293419,0
0,0,0,0,0,0
0,0,0,15.828237,15.903294,15.907571
0,0,0,16.998404,16.909376,16.71963
0,0,0,16.703321,15.942492,15.847131
0,0,0,17.810081,17.531267,17.648582
0,0,0,0,0,0
0,0,0,0,0,0
15.259964,15.437784,15.063648,15.879583,16.190132,0
-15.707305,-15.707305,-15.707305,-15.707305,-0.23651886,-15.707305
0,0,0,15.845244,15.731187,15.823791
14.420421,15.475196,14.290019,16.031809,16.016722,16.588041
0,0,0,0,0,0
0,0,0,15.302389,15.232645,15.372423
0,0,0,0,0,0
0,0,0,0,0,0
0,0,0,0,17.508762,16.063353
0,0,0,0,0,0
0,0,0,15.126503,15.340962,15.106359
0,0,15.72824,0,0,0
0,0,0,0,0,0
0,0,0,0,0,0
0,0,0,0,0,0
0,0,0,15.592866,16.19877,15.781564
0,0,0,0,0,0
0,0,0,15.229081,14.949508,15.04354
0,14.379378,15.390034,0,16.31446,15.936638
0,0,0,0,0,0
0,0,0,0,0,0
17.181181,0,0,17.196785,17.212706,17.4131
0,0,0,17.206089,17.273994,16.519068
0,0,0,0,0,0
0,0,0,0,0,0
0,0,0,17.07646,17.054615,0
0,0,0,0,0,0
0,0,0,14.627875,0,0
0,0,0,0,0,0
0,0,0,0,0,0
0.050865173,0.06791496,-16.14919,0.15151787,0.18933678,0.10637283
14.484634,14.719603,0,0,0,0
0,0,0,0,0,0
0,0,0,0,0,0
0,0,0,0,0,0
14.476049,0,0,16.62478,16.65181,16.692806
0,0,0,0,0,0
0,0,0,0,0,0
0,0,0,0,0,0
0,0,0,0,0,0
0,14.43554,14.396938,0,0,0
0,0,0,15.650182,15.633619,15.554318
0,0,0,14.810923,14.776073,14.796648
0,0,0,16.798168,16.873936,16.785337
0,0,0,0,0,0
0,0,0,15.165299,15.269856,0
0,0,0,16.509296,15.133543,15.464832
0,0,0,16.080942,15.978487,15.7309475
0,0,0,0,0,0
0,0,0,0,0,0
0,0,0,0,0,0
0,0,0,15.686637,0,15.81333
0,0,0,0,0,0
0,0,0,15.161486,15.099759,15.085099
0,0,0,0,0,0
0,0,0,0,0,0
0,0,0,0,0,0
0,0,0,0,0,0
0,0,0,0,0,0
0,0,0,14.348935,14.3103285,14.421868
0,0,0,15.376737,15.415643,15.545237
0,0,0,17.78528,0,17.997168
0,0,0,0,0,0
-17.044405,-17.044405,-17.044405,-17.044405,-17.044405,-17.044405
0,0,0,16.315008,16.07913,16.391697
0,0,0,0,0,0
0,0,0,0,0,0
0,0,0,0,0,0
0,0,0,16.923258,16.915108,16.999615
0,0,0,0,0,0
0,0,0,0,0,0
0,0,0,0,0,0
0,0,0,0,0,0
0,0,0,16.16062,16.341015,16.317606
0,0,0,16.546593,16.421589,16.407618
0,0,0,0,15.336785,15.325025
0,0,0,0,0,0
0,0,0,17.304752,17.400204,17.399761
0,0,0,0,0,0
0,0,0,18.412643,18.120045,0
0,0,0,16.32555,16.259762,16.329569
0,0,0,0,0,0
0,0,0,0,0,0
-17.768269,-17.768269,-17.768269,-17.768269,-17.768269,-17.768269
0,0,0,0,0,0
0,0,0,0,0,0
0,0,0,0,0,0
16.262995,0,0,17.68405,17.640287,16.905386
0,0,0,0,0,0
0,0,0,0,0,0
15.269273,15.599884,15.366835,15.317377,15.405573,15.24466
0,0,0,16.202143,16.296665,16.281803
0,0,0,14.8168335,0,0
0,0,0,0,0,0
0,0,0,0,0,0
0,0,0,0,0,0
0,0,0,0,0,0
0,0,0,15.554289,15.576307,15.515608
0,0,0,15.08825,15.241835,15.303851
0,0,0,16.023495,15.432998,15.429963
0,0,0,14.948184,0,0
0,0,0,0,0,0
0,0,0,0,0,0
0,0,0,0,0,0
0,0,0,0,0,0
0,0,0,0,0,0
0,0,0,16.640894,17.014294,16.234556
0,0,0,0,0,0
0,0,0,0,0,0
0,0,0,16.2266,15.927269,15.82563
0,0,0,16.566723,16.545115,16.529476
0,0,0,17.468885,17.768682,17.71219
0,0,0,16.22517,16.234295,16.092632
0,0,0,15.552428,14.754052,15.097991
0,0,0,15.367756,15.401246,15.244809
0,0,0,15.641967,15.089326,15.706442
0,0,0,13.965063,14.512061,14.218715
0,0,0,16.37028,16.121128,16.193584
0,0,0,14.440156,14.505688,0
0,0,0,0,0,0
0,14.336507,14.3747,15.576692,15.474846,15.447277
0,0,0,15.797966,15.517055,15.515792
0,0,0,0,0,0
0,0,0,0,0,0
0,0,0,16.490318,16.624039,14.803273
0,0,0,0,0,0
0,0,0,15.184992,15.162587,16.444658
0,0,0,0,0,17.493544
0,0,0,15.1501045,15.221171,15.216102
0,0,0,0,0,0
0,0,0,0,0,0
0,0,0,0,0,0
0,0,0,0,0,0
0,14.857057,14.9335985,16.456627,16.476446,16.26046
0,0,0,0,0,0
0,0,0,0,0,0
0,0,0,0,0,0
-17.116394,-17.116394,-17.116394,-17.116394,-17.116394,-17.116394
0,0,0,0,0,0
0,0,0,0,0,0
0,0,0,0,0,0
0,0,0,0,0,0
0,0,0,0,17.653286,0
0,0,0,0,0,0
0,0,0,0,0,0
15.672839,16.326061,15.815884,0,0,0
0,0,0,0,0,0
-17.794798,-17.794798,-17.794798,-17.794798,-17.794798,-17.794798
0,0,0,0,0,0
0,0,0,14.76715,15.155964,14.90374
0,0,0,0,0,0
0,0,0,0,0,0
0,0,0,0,0,0
0,0,0,0,0,0
0,0,0,0,0,0
0,0,0,0,0,0
0,0,0,0,0,0
-16.455088,-16.455088,-16.455088,-16.455088,-16.455088,-16.455088
0,0,0,15.412272,15.365537,15.4105835
0,0,0,16.578152,0,16.388336
0,0,0,15.090775,15.043668,15.153512
0,0,0,0,0,0
0,0,0,0,0,0
0,0,0,0,0,0
0,0,0,0,0,0
0,0,0,15.639171,15.826276,15.514991
0,0,0,0,15.695446,15.660192
0,0,0,0,0,0
0,0,0,0,0,0
0,0,0,14.360709,14.475923,14.610218
0,0,0,15.8485985,0,16.417044
0,0,0,0,0,14.513665
0,0,0,0,16.870522,0
0,0,0,0,0,0
0,0,0,0,0,0
0,0,0,16.09978,16.053373,16.078922
0,0,0,0,0,0
0,0,0,0,0,0
0,0,0,0,0,0
0,0,0,0,0,0
0,0,0,0,0,0
0,0,0,0,0,0
0,0,0,0,19.46974,19.550077
0,0,0,0,17.188278,17.100283
0,0,0,0,0,0
-17.60902,-17.60902,-17.60902,-17.60902,-17.60902,-17.60902
0,0,0,0,0,0
0,0,0,0,0,0
0,0,0,14.586899,14.585667,14.6465025
0,0,0,0,0,0
0,0,0,0,0,0
0,14.386536,14.754834,0,0,14.376328
0,0,0,0,0,0
0,0,0,0,0,0
0,0,0,0,0,0
16.443705,15.9051285,16.50575,17.124363,16.30574,0
0,0,0,0,0,0
0,0,0,0,0,0
0,0,0,0,0,0
0,0,0,0,0,0
0,0,0,0,0,0
0,14.216898,13.956194,0,14.901102,14.891404
0,0,0,0,0,0
0,0,0,0,0,0
0,0,0,14.86723,15.19287,14.9335985
14.661667,14.538007,0,14.942285,14.980051,15.062594
0,0,0,0,0,0
0,0,0,0,0,0
0,0,0,16.096859,16.055727,15.959414
0,0,0,0,0,0
0,0,0,0,0,0
0,0,0,0,0,0
0,0,0,15.450566,14.470341,15.661416
-14.526194,-14.526194,-14.526194,0.038908005,-14.526194,-14.526194
0,0,0,0,0,0
0,0,0,0,0,0
0,0,0,0,0,0
-16.124706,-16.124706,-16.124706,-16.124706,-16.124706,-16.124706
0,0,0,0,0,0
0,0,0,14.826846,16.46378,16.564417
0,0,0,0,0,0
0,0,0,17.050581,17.048073,16.954945
0,0,0,0,14.653965,0
0,0,0,14.646445,14.604842,16.095335
0,0,0,0,16.97116,0
-0.23751259,-0.00929451,-16.5189,-16.5189,-0.029413223,-16.5189
-16.819668,-16.819668,-16.819668,-16.819668,-16.819668,-16.819668
0,0,0,0,0,0
0,0,0,0,0,0
0,0,0,0,0,0
0,0,0,0,0,0
0,0,0,0,0,0
0,0,0,0,0,0
15.175199,15.984352,16.237267,15.648245,16.512339,15.916906
0,0,0,0,0,0
0,0,0,0,0,0
0,0,0,14.479527,0,16.436289
0,0,0,0,0,0
0,0,0,14.312529,0,14.342699
0,0,0,0,0,0
13.7100525,0,0,15.068106,15.15284,15.150819
0,0,0,0,0,0
0,0,0,0,0,0
0,0,0,14.010791,14.556147,0
0,0,0,14.862007,14.703362,14.63129
0,0,0,0,0,0
0,0,0,14.752014,15.01511,14.812327
0,0,0,0,0,14.651444
0,0,0,0,0,0
0,0,0,15.293796,0,15.13053
0,0,0,15.957896,15.955242,15.953697
0,0,0,0,0,0
0,0,0,0,0,0
0,0,0,0,0,0
0,0,0,15.281424,15.001188,15.08887
0,0,0,0,0,0
0,0,0,14.209302,14.349488,0
0,0,0,0,0,0
0,0,0,0,0,0
0,0,0,0,0,0
0,0,0,0,0,0
0,0,0,15.063395,15.535245,14.649257
0,0,0,16.902058,16.844105,16.848623
-16.783714,-16.783714,-16.783714,-16.783714,-16.783714,-16.783714
0,0,0,0,0,0
-16.189032,-16.189032,-16.189032,-16.189032,-16.189032,-16.189032
0,0,0,14.7239275,14.7289295,14.267812
0,0,0,14.640866,14.786065,14.849992
0,0,0,0,0,0
0,0,0,0,0,0
0,0,0,14.588538,14.362218,14.663169
0,0,0,0,0,0
0,0,0,14.922306,14.814782,14.9266205
0,0,0,0,0,0
0,0,0,15.327026,15.336402,15.365127
0,0,0,15.397073,15.387109,15.309193
0,0,0,0,0,0
0,0,0,0,0,0
0,0,0,0,0,0
0,0,0,0,0,0
0,0,0,0,0,0
0,0,0,0,0,0
0,0,0,0,15.204456,0
0,0,0,0,14.241834,14.199135
0,0,0,0,0,0
0,0,0,14.99837,15.100088,14.998194
0,0,0,0,0,0
0,0,0,0,0,0
0,0,0,14.690926,14.467351,14.557164
0,0,0,16.086447,14.200056,15.80181
0,0,0,0,0,0
0,0,0,15.588597,15.7009,15.715961
14.113336,14.363724,13.93046,0,0,0
0,0,0,0,0,0
0,0,0,0,0,0
0,0,0,16.549288,16.373272,0
0,0,0,0,0,0
0,0,0,0,0,0
0,0,0,0,0,0
0,0,0,0,0,0
-16.450148,-16.450148,-16.450148,-16.450148,-16.450148,-16.450148
0,0,0,0,0,0
0,0,0,15.636143,15.623652,15.571456
0,0,0,0,0,0
0,0,0,0,0,0
0,0,0,0,0,0
0,0,0,14.359338,14.399144,14.338806
0,0,0,15.939648,16.10421,0
0,0,0,0,0,0
0,0,0,0,0,0
0,0,0,15.582084,14.935994,15.046143
0,0,0,0,0,0
0,0,0,0,0,0
0,0,0,16.191908,0,0
0,0,0,0,0,0
0,0,0,15.18534,15.341241,0
15.821699,15.8485985,15.534029,0,0,0
0,0,0,0,0,0
0,0,0,0,0,0
0,0,0,15.5258875,15.576396,15.515361
0,0,0,0,0,0
0,0,0,0,0,0
0,0,0,0,0,0
0,0,0,0,0,0
0,0,0,0,0,0
0,0,0,0,0,0
0,0,0,0,0,0
0,0,0,0,0,0
0,0,0,0,0,0
0,0,0,0,0,0
0,0,0,20.957714,20.948187,20.948536
0,16.529064,16.506819,20.468966,20.477697,20.467543
0,0,0,0,18.574608,0
17.423084,17.143463,17.124384,0,0,0
0,15.619304,0,0,16.424593,0
17.339031,17.294056,0,0,0,0
0,0,0,18.830355,18.82827,18.94352
0,0,0,0,0,15.816159
0,0,0,14.737141,0,0
0,0,0,0,0,0
0,0,0,0,0,0
19.577324,19.620195,19.625385,0,0,0
16.49551,17.336271,16.61504,0,0,0
19.047125,18.976007,18.984911,0,0,0
0,0,18.689842,0,0,0
0,16.90208,0,0,0,0
0,18.805271,0,20.734924,20.75218,0
0,0,0,0,0,0
0,0,0,18.783155,18.830282,18.762217
0,0,0,17.351974,0,0
